41,如何转专业？,新生入学后，可于大一下学期，根据教务处的时间要求，提出转专业的申请意愿。学校在尊重学生意愿的基础上，结合学校的教学资源，并严格按照学校规定的程序，允许部分优秀学生申请专业调整。
41,转专业有分数要求吗？,新生入学后，可于大一下学期，根据教务处的时间要求，提出转专业的申请意愿。学校在尊重学生意愿的基础上，结合学校的教学资源，并严格按照学校规定的程序，允许部分优秀学生申请专业调整。
41,入学后什么时候可以转专业？,新生入学后，可于大一下学期，根据教务处的时间要求，提出转专业的申请意愿。学校在尊重学生意愿的基础上，结合学校的教学资源，并严格按照学校规定的程序，允许部分优秀学生申请专业调整。
41,转专业的流程是怎样的？,新生入学后，可于大一下学期，根据教务处的时间要求，提出转专业的申请意愿。学校在尊重学生意愿的基础上，结合学校的教学资源，并严格按照学校规定的程序，允许部分优秀学生申请专业调整。
41,贵校的学生在大学期间有几次调专业机会？,每个学生在校期间均有一次转专业的机会。
41,UIC学生有多少次转专业的机会？,每个学生在校期间均有一次转专业的机会。
41,转过一次专业还可以再转下一次吗？,每个学生在校期间均有一次转专业的机会。
41,北师港浸大的学生可以转多少次专业？,每个学生在校期间均有一次转专业的机会。
42,转专业要花钱吗？,转专业看的是大一期间的学习成绩，不需要花钱。
42,转专业的相关费用？,转专业看的是大一期间的学习成绩，不需要花钱。
42,转专业的费用是多少？,转专业看的是大一期间的学习成绩，不需要花钱。
42,转专业有费用要求吗？,转专业看的是大一期间的学习成绩，不需要花钱。
43,各专业简介？,详情可参考学校招生信息网：www.uic.edu.hk/admission
43,UIC有什么专业？,详情可参考学校招生信息网：www.uic.edu.hk/admission
43,UIC有哪些专业？,详情可参考学校招生信息网：www.uic.edu.hk/admission
43,北师港浸大的特色专业是什么？,详情可参考学校招生信息网：www.uic.edu.hk/admission
43,UIC专业介绍？,详情可参考学校招生信息网：www.uic.edu.hk/admission
43,北师港浸大专业介绍？,详情可参考学校招生信息网：www.uic.edu.hk/admission
44,学校理科专业都有哪些？,原则上，理科生可以报考我校所有专业。具体请以你省教育考试院公布的招生专业目录为准。
44,UIC有什么理科专业,原则上，理科生可以报考我校所有专业。具体请以你省教育考试院公布的招生专业目录为准。
44,北师港浸大有什么理科专业？,原则上，理科生可以报考我校所有专业。具体请以你省教育考试院公布的招生专业目录为准。
44,理科生可以在UIC选什么专业？,原则上，理科生可以报考我校所有专业。具体请以你省教育考试院公布的招生专业目录为准。
44,有什么专业适合理科生？,原则上，理科生可以报考我校所有专业。具体请以你省教育考试院公布的招生专业目录为准。
45,学校文科专业都有哪些？,文科生可以报考除统计学、应用心理学、计算机类、环境科学、食品科学与工程、金融数学以外的所有专业。
45,UIC有什么文科专业,文科生可以报考除统计学、应用心理学、计算机类、环境科学、食品科学与工程、金融数学以外的所有专业。
45,北师港浸大有什么文科专业？,文科生可以报考除统计学、应用心理学、计算机类、环境科学、食品科学与工程、金融数学以外的所有专业。
45,文科生可以在UIC选什么专业？,文科生可以报考除统计学、应用心理学、计算机类、环境科学、食品科学与工程、金融数学以外的所有专业。
45,有什么专业适合文科生？,文科生可以报考除统计学、应用心理学、计算机类、环境科学、食品科学与工程、金融数学以外的所有专业。
46,文理兼收的专业有哪些？,工商管理学部、人文与社会科学学部及文化与创意学部下属的专业都是文理兼招。
46,有什么专业是无文理限制的？,工商管理学部、人文与社会科学学部及文化与创意学部下属的专业都是文理兼招。
46,文科和理科都可以报考的专业？,工商管理学部、人文与社会科学学部及文化与创意学部下属的专业都是文理兼招。
46,UIC有什么文理兼收的专业？,工商管理学部、人文与社会科学学部及文化与创意学部下属的专业都是文理兼招。
46,UIC没有文理限制的专业有什么？,工商管理学部、人文与社会科学学部及文化与创意学部下属的专业都是文理兼招。
47,贵校哪些专业适合女生报考？,请考生结合自己的兴趣爱好、能力特长及将来的发展方向专业专业，我校在入学时对男女无特殊要求。
47,UIC有哪些专业适合女生？,请考生结合自己的兴趣爱好、能力特长及将来的发展方向专业专业，我校在入学时对男女无特殊要求。
47,北师港浸大有哪些专业适合女生？,请考生结合自己的兴趣爱好、能力特长及将来的发展方向专业专业，我校在入学时对男女无特殊要求。
47,有什么适合女生的专业？,请考生结合自己的兴趣爱好、能力特长及将来的发展方向专业专业，我校在入学时对男女无特殊要求。
47,女生在哪些专业有优势？,请考生结合自己的兴趣爱好、能力特长及将来的发展方向专业专业，我校在入学时对男女无特殊要求。
47,适合女生的专业有哪些？,请考生结合自己的兴趣爱好、能力特长及将来的发展方向专业专业，我校在入学时对男女无特殊要求。
48,什么是GPA?,GPA英语全称是Grade Point Average，意思就是平均成绩点数，UIC课程的GPA满分是4.0分。平均绩点（GPA）是体现学生学术表现的重要指标，是学生获得的所有绩点总和除以所有应获学分总和所得的结果。
48,GPA是什么意思？,GPA英语全称是Grade Point Average，意思就是平均成绩点数，UIC课程的GPA满分是4.0分。平均绩点（GPA）是体现学生学术表现的重要指标，是学生获得的所有绩点总和除以所有应获学分总和所得的结果。
48,GPA是什么？,GPA英语全称是Grade Point Average，意思就是平均成绩点数，UIC课程的GPA满分是4.0分。平均绩点（GPA）是体现学生学术表现的重要指标，是学生获得的所有绩点总和除以所有应获学分总和所得的结果。
48,UIC的GPA？,GPA英语全称是Grade Point Average，意思就是平均成绩点数，UIC课程的GPA满分是4.0分。平均绩点（GPA）是体现学生学术表现的重要指标，是学生获得的所有绩点总和除以所有应获学分总和所得的结果。
48,UIC的成绩怎么计算？,GPA英语全称是Grade Point Average，意思就是平均成绩点数，UIC课程的GPA满分是4.0分。平均绩点（GPA）是体现学生学术表现的重要指标，是学生获得的所有绩点总和除以所有应获学分总和所得的结果。
48,学生成绩怎么计算？,GPA英语全称是Grade Point Average，意思就是平均成绩点数，UIC课程的GPA满分是4.0分。平均绩点（GPA）是体现学生学术表现的重要指标，是学生获得的所有绩点总和除以所有应获学分总和所得的结果。
49,学校能保研吗？,我校毕业生大多申请境外高校的研究生，无保研体制。
49,UIC如何申请保研？,我校毕业生大多申请境外高校的研究生，无保研体制。
49,UIC保研有什么条件？,我校毕业生大多申请境外高校的研究生，无保研体制。
49,北师港浸大如何申请保研？,我校毕业生大多申请境外高校的研究生，无保研体制。
49,保研的要求？,我校毕业生大多申请境外高校的研究生，无保研体制。
50,各专业都可以报考研究生吗？,各专业都可以申请国内及境外的研究生。
50,不同专业报考研究生有限制吗？,各专业都可以申请国内及境外的研究生。
50,有什么专业是可以报考研究生的？,各专业都可以申请国内及境外的研究生。
50,有什么专业是不能报考研究生的？,各专业都可以申请国内及境外的研究生。
51,学校的考研录取率是多少？,我校每年有超过六成的学生选择出国继续深造。
51,学校考研录取率高吗？,我校每年有超过六成的学生选择出国继续深造。
51,学校有多少人选择考研？,我校每年有超过六成的学生选择出国继续深造。
51,UIC的考研水平如何？,我校每年有超过六成的学生选择出国继续深造。
51,UIC学生选择考研的多吗？,我校每年有超过六成的学生选择出国继续深造。
51,UIC有多少学生考研会被录取？,我校每年有超过六成的学生选择出国继续深造。
52,毕业后拿到的是什么文凭？,UIC学生经四年在校学习，各科成绩合格，即获颁北京师范大学-香港浸会大学联合国际学院本科毕业证书（教育部电子注册）和香港浸会大学学士学位证书（内地、香港及国际范围均获认可）。
52,UIC毕业生拿的证书是？,UIC学生经四年在校学习，各科成绩合格，即获颁北京师范大学-香港浸会大学联合国际学院本科毕业证书（教育部电子注册）和香港浸会大学学士学位证书（内地、香港及国际范围均获认可）。
52,毕业后拿的是什么毕业证？,UIC学生经四年在校学习，各科成绩合格，即获颁北京师范大学-香港浸会大学联合国际学院本科毕业证书（教育部电子注册）和香港浸会大学学士学位证书（内地、香港及国际范围均获认可）。
52,UIC毕业生拿的是什么毕业证？,UIC学生经四年在校学习，各科成绩合格，即获颁北京师范大学-香港浸会大学联合国际学院本科毕业证书（教育部电子注册）和香港浸会大学学士学位证书（内地、香港及国际范围均获认可）。
52,UIC的毕业证和学位证书一样吗？,UIC学生经四年在校学习，各科成绩合格，即获颁北京师范大学-香港浸会大学联合国际学院本科毕业证书（教育部电子注册）和香港浸会大学学士学位证书（内地、香港及国际范围均获认可）。
53,校园兼职多吗？,我校提供多种形式的兼职机会给学生，一般薪酬是18元/小时。
53,学校有什么勤工俭学的方式？,我校提供多种形式的兼职机会给学生，一般薪酬是18元/小时。
53,学校有提供兼职岗位吗？,我校提供多种形式的兼职机会给学生，一般薪酬是18元/小时。
53,UIC的兼职机会多不多？,我校提供多种形式的兼职机会给学生，一般薪酬是18元/小时。
53,UIC有学校官方的兼职吗？,我校提供多种形式的兼职机会给学生，一般薪酬是18元/小时。
54,校园招聘多吗,为鼓励学生毕业或出境升学后在珠海及珠三角服务，UIC每年举办职业博览会。职业博览会与招聘会不同，它包括企业展、职业讲座、招聘咨询和现场面试，让学生了解各个行业具有代表性企业的发展，通过与企业近距离的交流，更好地明确职业发展方向。
54,UIC的校招活动多吗？,为鼓励学生毕业或出境升学后在珠海及珠三角服务，UIC每年举办职业博览会。职业博览会与招聘会不同，它包括企业展、职业讲座、招聘咨询和现场面试，让学生了解各个行业具有代表性企业的发展，通过与企业近距离的交流，更好地明确职业发展方向。
54,UIC有没有校招活动？,为鼓励学生毕业或出境升学后在珠海及珠三角服务，UIC每年举办职业博览会。职业博览会与招聘会不同，它包括企业展、职业讲座、招聘咨询和现场面试，让学生了解各个行业具有代表性企业的发展，通过与企业近距离的交流，更好地明确职业发展方向。
54,有企业来UIC招人吗？,为鼓励学生毕业或出境升学后在珠海及珠三角服务，UIC每年举办职业博览会。职业博览会与招聘会不同，它包括企业展、职业讲座、招聘咨询和现场面试，让学生了解各个行业具有代表性企业的发展，通过与企业近距离的交流，更好地明确职业发展方向。
54,来UIC招人的企业多吗？,为鼓励学生毕业或出境升学后在珠海及珠三角服务，UIC每年举办职业博览会。职业博览会与招聘会不同，它包括企业展、职业讲座、招聘咨询和现场面试，让学生了解各个行业具有代表性企业的发展，通过与企业近距离的交流，更好地明确职业发展方向。
55,应届毕业生的就业情况如何？,"截至2017年2月底，UIC已培养八届约7,000名本科毕业生，遍布世界各地。UIC毕业生深受跨国企业、国企以及政府和公共组织等机构青睐，如中国银监局、四大国有银行、中央电视台、外交部、中石油、南方电网、香港商报、香港中国银行、毕马威、德勤、安永、普华永道四大会计师事务所、BP、IBM、微软等，同时还有多名校友考取香港会计师及香港律师执业资格，选择创业的学生也不在少数。"
55,UIC的毕业生好就业吗？,"截至2017年2月底，UIC已培养八届约7,000名本科毕业生，遍布世界各地。UIC毕业生深受跨国企业、国企以及政府和公共组织等机构青睐，如中国银监局、四大国有银行、中央电视台、外交部、中石油、南方电网、香港商报、香港中国银行、毕马威、德勤、安永、普华永道四大会计师事务所、BP、IBM、微软等，同时还有多名校友考取香港会计师及香港律师执业资格，选择创业的学生也不在少数。"
55,UIC的应届毕业生就业率如何？,"截至2017年2月底，UIC已培养八届约7,000名本科毕业生，遍布世界各地。UIC毕业生深受跨国企业、国企以及政府和公共组织等机构青睐，如中国银监局、四大国有银行、中央电视台、外交部、中石油、南方电网、香港商报、香港中国银行、毕马威、德勤、安永、普华永道四大会计师事务所、BP、IBM、微软等，同时还有多名校友考取香港会计师及香港律师执业资格，选择创业的学生也不在少数。"
55,毕业生的就业方向？,"截至2017年2月底，UIC已培养八届约7,000名本科毕业生，遍布世界各地。UIC毕业生深受跨国企业、国企以及政府和公共组织等机构青睐，如中国银监局、四大国有银行、中央电视台、外交部、中石油、南方电网、香港商报、香港中国银行、毕马威、德勤、安永、普华永道四大会计师事务所、BP、IBM、微软等，同时还有多名校友考取香港会计师及香港律师执业资格，选择创业的学生也不在少数。"
55,毕业生好找工作吗？,"截至2017年2月底，UIC已培养八届约7,000名本科毕业生，遍布世界各地。UIC毕业生深受跨国企业、国企以及政府和公共组织等机构青睐，如中国银监局、四大国有银行、中央电视台、外交部、中石油、南方电网、香港商报、香港中国银行、毕马威、德勤、安永、普华永道四大会计师事务所、BP、IBM、微软等，同时还有多名校友考取香港会计师及香港律师执业资格，选择创业的学生也不在少数。"
55,毕业后找到工作的比例是多少？,"截至2017年2月底，UIC已培养八届约7,000名本科毕业生，遍布世界各地。UIC毕业生深受跨国企业、国企以及政府和公共组织等机构青睐，如中国银监局、四大国有银行、中央电视台、外交部、中石油、南方电网、香港商报、香港中国银行、毕马威、德勤、安永、普华永道四大会计师事务所、BP、IBM、微软等，同时还有多名校友考取香港会计师及香港律师执业资格，选择创业的学生也不在少数。"
56,各学院在哪个校区？,2017年9月，我校将整体迁入会同新校园。
56,不同学院会在不同校区吗？,2017年9月，我校将整体迁入会同新校园。
56,不同学院的教学在同一个地方吗？,2017年9月，我校将整体迁入会同新校园。
56,各专业的教学区有不一样吗？,2017年9月，我校将整体迁入会同新校园。
57,学校开设了哪些专业？,工商管理学部：会计学、财务管理、经济学（应用经济）、电子商务（电子商务与资讯系统管理）工商管理类【人力资源管理，市场营销（市场营销管理），工商管理（创业与创新管理）】；人文与社会科学学部：新闻学、国际政治（政治与国际关系）、社会学（社会工作与社会行政）、公共关系学（公共关系与广告)、外国语言文学类、【英语，翻译】；理工科技学部：应用心理学、食品科学与工程、环境科学、金融数学、统计学、计算机类、【计算机科学与技术，数据科学与大数据技术】；文化与创意学部：文化产业管理（文化创意与管理）、传播学【电影电视/媒体艺术与设计】。
57,UIC有哪些专业？,工商管理学部：会计学、财务管理、经济学（应用经济）、电子商务（电子商务与资讯系统管理）工商管理类【人力资源管理，市场营销（市场营销管理），工商管理（创业与创新管理）】；人文与社会科学学部：新闻学、国际政治（政治与国际关系）、社会学（社会工作与社会行政）、公共关系学（公共关系与广告)、外国语言文学类、【英语，翻译】；理工科技学部：应用心理学、食品科学与工程、环境科学、金融数学、统计学、计算机类、【计算机科学与技术，数据科学与大数据技术】；文化与创意学部：文化产业管理（文化创意与管理）、传播学【电影电视/媒体艺术与设计】。
57,北师港浸大有哪些专业？,工商管理学部：会计学、财务管理、经济学（应用经济）、电子商务（电子商务与资讯系统管理）工商管理类【人力资源管理，市场营销（市场营销管理），工商管理（创业与创新管理）】；人文与社会科学学部：新闻学、国际政治（政治与国际关系）、社会学（社会工作与社会行政）、公共关系学（公共关系与广告)、外国语言文学类、【英语，翻译】；理工科技学部：应用心理学、食品科学与工程、环境科学、金融数学、统计学、计算机类、【计算机科学与技术，数据科学与大数据技术】；文化与创意学部：文化产业管理（文化创意与管理）、传播学【电影电视/媒体艺术与设计】。
57,有什么专业？,工商管理学部：会计学、财务管理、经济学（应用经济）、电子商务（电子商务与资讯系统管理）工商管理类【人力资源管理，市场营销（市场营销管理），工商管理（创业与创新管理）】；人文与社会科学学部：新闻学、国际政治（政治与国际关系）、社会学（社会工作与社会行政）、公共关系学（公共关系与广告)、外国语言文学类、【英语，翻译】；理工科技学部：应用心理学、食品科学与工程、环境科学、金融数学、统计学、计算机类、【计算机科学与技术，数据科学与大数据技术】；文化与创意学部：文化产业管理（文化创意与管理）、传播学【电影电视/媒体艺术与设计】。
58,学校有哪些优势专业？,UIC所有专业的课程都是按照香港浸会大学的学术标准进行设置，都达到国际标准，同时符合市场需求和国际趋势，师资配备和软硬件设施上每个专业也比较均衡。关于专业志愿选择，首先一定要根据孩子的自身兴趣爱好和未来生活及职业规划，其次通过学校教务处网页下载各专业手册（handbook），或查阅UIC招生手册，结合每个专业的培养目标及四年学习计划，最后才做出专业志愿选择，不要盲从。
58,UIC有什么优势专业？,UIC所有专业的课程都是按照香港浸会大学的学术标准进行设置，都达到国际标准，同时符合市场需求和国际趋势，师资配备和软硬件设施上每个专业也比较均衡。关于专业志愿选择，首先一定要根据孩子的自身兴趣爱好和未来生活及职业规划，其次通过学校教务处网页下载各专业手册（handbook），或查阅UIC招生手册，结合每个专业的培养目标及四年学习计划，最后才做出专业志愿选择，不要盲从。
58,北师港浸大有什么优势专业？,UIC所有专业的课程都是按照香港浸会大学的学术标准进行设置，都达到国际标准，同时符合市场需求和国际趋势，师资配备和软硬件设施上每个专业也比较均衡。关于专业志愿选择，首先一定要根据孩子的自身兴趣爱好和未来生活及职业规划，其次通过学校教务处网页下载各专业手册（handbook），或查阅UIC招生手册，结合每个专业的培养目标及四年学习计划，最后才做出专业志愿选择，不要盲从。
58,有什么优势专业？,UIC所有专业的课程都是按照香港浸会大学的学术标准进行设置，都达到国际标准，同时符合市场需求和国际趋势，师资配备和软硬件设施上每个专业也比较均衡。关于专业志愿选择，首先一定要根据孩子的自身兴趣爱好和未来生活及职业规划，其次通过学校教务处网页下载各专业手册（handbook），或查阅UIC招生手册，结合每个专业的培养目标及四年学习计划，最后才做出专业志愿选择，不要盲从。
59,海南省新生入学奖学金获奖条件？,海南考生高考英语单科成绩须达到800分或以上，同时高考文化分总分须满足：文科考生总分达到740分或以上；理科考生总分达到700分或以上
59,海南省的奖学金条件？,海南考生高考英语单科成绩须达到800分或以上，同时高考文化分总分须满足：文科考生总分达到740分或以上；理科考生总分达到700分或以上
59,海南省奖学金分数线？,海南考生高考英语单科成绩须达到800分或以上，同时高考文化分总分须满足：文科考生总分达到740分或以上；理科考生总分达到700分或以上
59,海南省考生达到多少分可以拿到奖学金？,海南考生高考英语单科成绩须达到800分或以上，同时高考文化分总分须满足：文科考生总分达到740分或以上；理科考生总分达到700分或以上
60,浙江省新生入学奖学金获奖条件？,浙江考生高考英语单科成绩须达到127分或以上，同时高考文化分总分须达到640分或以上。
60,浙江省的奖学金条件？,浙江考生高考英语单科成绩须达到127分或以上，同时高考文化分总分须达到640分或以上。
60,浙江省的奖学金分数线？,浙江考生高考英语单科成绩须达到127分或以上，同时高考文化分总分须达到640分或以上。
60,浙江省考生达到多少分可以拿到奖学金？,浙江考生高考英语单科成绩须达到127分或以上，同时高考文化分总分须达到640分或以上。
61,江苏省新生入学奖学金获奖条件？,江苏考生高考英语单科成绩须达到102分或以上，同时高考文化分总分须满足以下要求：文科考生总分高出一本线40分或以上；理科考生总分高出一本线50分或以上；文理科选测科目AA。
61,江苏省的奖学金条件？,江苏考生高考英语单科成绩须达到102分或以上，同时高考文化分总分须满足以下要求：文科考生总分高出一本线40分或以上；理科考生总分高出一本线50分或以上；文理科选测科目AA。
61,江苏省奖学金分数线？,江苏考生高考英语单科成绩须达到102分或以上，同时高考文化分总分须满足以下要求：文科考生总分高出一本线40分或以上；理科考生总分高出一本线50分或以上；文理科选测科目AA。
61,江苏省考生达到多少分可以拿到奖学金？,江苏考生高考英语单科成绩须达到102分或以上，同时高考文化分总分须满足以下要求：文科考生总分高出一本线40分或以上；理科考生总分高出一本线50分或以上；文理科选测科目AA。
62,山东省新生入学奖学金获奖条件？,山东新生入学奖学金获奖条件：考生高考英语单科成绩须达到127分或以上，同时高考文化分总分须满足以下要求：文科考生总分达到590分或以上；理科考生总分达到630分或以上。
62,山东省的奖学金条件？,山东新生入学奖学金获奖条件：考生高考英语单科成绩须达到127分或以上，同时高考文化分总分须满足以下要求：文科考生总分达到590分或以上；理科考生总分达到630分或以上。
62,山东省的奖学金分数线？,山东新生入学奖学金获奖条件：考生高考英语单科成绩须达到127分或以上，同时高考文化分总分须满足以下要求：文科考生总分达到590分或以上；理科考生总分达到630分或以上。
62,山东省考生达到多少分可以拿到奖学金？,山东新生入学奖学金获奖条件：考生高考英语单科成绩须达到127分或以上，同时高考文化分总分须满足以下要求：文科考生总分达到590分或以上；理科考生总分达到630分或以上。
63,上海市新生入学奖学金获奖条件？,考生高考英语单科成绩须达到127分或以上，同时高考文化分总分须达到560分或以上。
63,上海市的奖学金条件？,考生高考英语单科成绩须达到127分或以上，同时高考文化分总分须达到560分或以上。
63,上海市的奖学金分数线？,考生高考英语单科成绩须达到127分或以上，同时高考文化分总分须达到560分或以上。
63,上海市考生达到多少分可以拿到奖学金？,考生高考英语单科成绩须达到127分或以上，同时高考文化分总分须达到560分或以上。
64,其他750分满分的省、市、区新生入学奖学金获奖条件？,考生高考英语单科成绩须达到127分或以上，同时高考文化分总分须满足以下要求：文科考生总分高出一本线60分或以上；理科考生总分高出一本线90分或以上。
64,750分满分的地区奖学金条件？,考生高考英语单科成绩须达到127分或以上，同时高考文化分总分须满足以下要求：文科考生总分高出一本线60分或以上；理科考生总分高出一本线90分或以上。
64,750分满分的地区要达到多少分才可以拿到奖学金？,考生高考英语单科成绩须达到127分或以上，同时高考文化分总分须满足以下要求：文科考生总分高出一本线60分或以上；理科考生总分高出一本线90分或以上。
64,750分地区的奖学金分数线？,考生高考英语单科成绩须达到127分或以上，同时高考文化分总分须满足以下要求：文科考生总分高出一本线60分或以上；理科考生总分高出一本线90分或以上。
65,华信奖学金获得要求是什么？,华信奖学金为当年学费一次性减半，获奖条件及评定办法详见学校招生办公室《2017年UIC华信奖学金实施办法》。
65,如何获得华信奖学金？,华信奖学金为当年学费一次性减半，获奖条件及评定办法详见学校招生办公室《2017年UIC华信奖学金实施办法》。
65,申请华信奖学金有什么要求？,华信奖学金为当年学费一次性减半，获奖条件及评定办法详见学校招生办公室《2017年UIC华信奖学金实施办法》。
65,华信奖学金？,华信奖学金为当年学费一次性减半，获奖条件及评定办法详见学校招生办公室《2017年UIC华信奖学金实施办法》。
65,如何申请华信奖学金？,华信奖学金为当年学费一次性减半，获奖条件及评定办法详见学校招生办公室《2017年UIC华信奖学金实施办法》。
65,华信奖学金如何评选？,华信奖学金为当年学费一次性减半，获奖条件及评定办法详见学校招生办公室《2017年UIC华信奖学金实施办法》。
66,广东提前一批全额奖学金获得要求是什么？,广东省提前批第一批本科批次报考我校的考生；考生高考英语单科成绩须达到127分以上；同时，文史类考生高考文化课总分至少达到广东省第一批本科线60分以上，理工类考生高考文化课总分至少达到广东省第一批本科线90分以上；经学校奖助学金委员会评定，可获得广东省提前批第一批本科新生入学全额奖学金。
66,广东省全额奖学金的要求是什么？,广东省提前批第一批本科批次报考我校的考生；考生高考英语单科成绩须达到127分以上；同时，文史类考生高考文化课总分至少达到广东省第一批本科线60分以上，理工类考生高考文化课总分至少达到广东省第一批本科线90分以上；经学校奖助学金委员会评定，可获得广东省提前批第一批本科新生入学全额奖学金。
66,广东省考生达到什么分数才能获得全额奖学金？,广东省提前批第一批本科批次报考我校的考生；考生高考英语单科成绩须达到127分以上；同时，文史类考生高考文化课总分至少达到广东省第一批本科线60分以上，理工类考生高考文化课总分至少达到广东省第一批本科线90分以上；经学校奖助学金委员会评定，可获得广东省提前批第一批本科新生入学全额奖学金。
66,广东省全额奖学金分数线是多少？,广东省提前批第一批本科批次报考我校的考生；考生高考英语单科成绩须达到127分以上；同时，文史类考生高考文化课总分至少达到广东省第一批本科线60分以上，理工类考生高考文化课总分至少达到广东省第一批本科线90分以上；经学校奖助学金委员会评定，可获得广东省提前批第一批本科新生入学全额奖学金。
67,广东提前一批半额奖学金获得要求是什么？,广东省提前批第一批本科批次报考我校的考生；考生高考英语单科成绩须达到127分以上；同时，文史类考生高考文化课总分至少达到广东省第一批本科线40分以上，理工类考生高考文化课总分至少达到广东省第一批本科线60分以上；经学校奖助学金委员会评定，可获得广东省提前批第一批本科新生入学半额奖学金。
67,广东省半额奖学金的要求是什么？,广东省提前批第一批本科批次报考我校的考生；考生高考英语单科成绩须达到127分以上；同时，文史类考生高考文化课总分至少达到广东省第一批本科线40分以上，理工类考生高考文化课总分至少达到广东省第一批本科线60分以上；经学校奖助学金委员会评定，可获得广东省提前批第一批本科新生入学半额奖学金。
67,广东省考生达到什么分数才能获得半额奖学金？,广东省提前批第一批本科批次报考我校的考生；考生高考英语单科成绩须达到127分以上；同时，文史类考生高考文化课总分至少达到广东省第一批本科线40分以上，理工类考生高考文化课总分至少达到广东省第一批本科线60分以上；经学校奖助学金委员会评定，可获得广东省提前批第一批本科新生入学半额奖学金。
67,广东省半额奖学金分数线是多少？,广东省提前批第一批本科批次报考我校的考生；考生高考英语单科成绩须达到127分以上；同时，文史类考生高考文化课总分至少达到广东省第一批本科线40分以上，理工类考生高考文化课总分至少达到广东省第一批本科线60分以上；经学校奖助学金委员会评定，可获得广东省提前批第一批本科新生入学半额奖学金。
68,珠海籍新生奖学金获得要求是什么？,"符合申请资格的珠海籍考生，被我校2017年录取并正式就读的，可获得我校珠海籍新生专项奖学金：

对于综合评价批次录取的考生，综合总成绩在该批次珠海籍录取考生中文理科排名各前5名的新生，学校给予一次性第一学年学费减半的入学奖励；对于其他综合评价批次录取的珠海籍新生，学校给予一次性第一学年学费减免1万元人民币的入学奖励。

对于提前批第一批本科批次录取的珠海籍新生，学校给予一次性第一学年学费减免1万元人民币的入学奖励。

如学生总录取成绩优异，可获得学校广东省提前批第一批本科新生入学奖学金或广东省综合评价录取奖学金，获奖条件及审核办法详见《2017年UIC广东省综合评价录取奖学金实施办法》及《2017年UIC广东省提前批第一批本科新生入学奖学金实施办法》。
珠海籍新生专项奖学金与学校2017年广东省综合评价录取奖学金及2017年广东省提前批第一批本科新生入学奖学金不可兼得。"
68,珠海新生奖学金分数线是多少？,"符合申请资格的珠海籍考生，被我校2017年录取并正式就读的，可获得我校珠海籍新生专项奖学金：

对于综合评价批次录取的考生，综合总成绩在该批次珠海籍录取考生中文理科排名各前5名的新生，学校给予一次性第一学年学费减半的入学奖励；对于其他综合评价批次录取的珠海籍新生，学校给予一次性第一学年学费减免1万元人民币的入学奖励。

对于提前批第一批本科批次录取的珠海籍新生，学校给予一次性第一学年学费减免1万元人民币的入学奖励。

如学生总录取成绩优异，可获得学校广东省提前批第一批本科新生入学奖学金或广东省综合评价录取奖学金，获奖条件及审核办法详见《2017年UIC广东省综合评价录取奖学金实施办法》及《2017年UIC广东省提前批第一批本科新生入学奖学金实施办法》。
珠海籍新生专项奖学金与学校2017年广东省综合评价录取奖学金及2017年广东省提前批第一批本科新生入学奖学金不可兼得。"
68,珠海新生达到什么分数才能获得奖学金？,"符合申请资格的珠海籍考生，被我校2017年录取并正式就读的，可获得我校珠海籍新生专项奖学金：

对于综合评价批次录取的考生，综合总成绩在该批次珠海籍录取考生中文理科排名各前5名的新生，学校给予一次性第一学年学费减半的入学奖励；对于其他综合评价批次录取的珠海籍新生，学校给予一次性第一学年学费减免1万元人民币的入学奖励。

对于提前批第一批本科批次录取的珠海籍新生，学校给予一次性第一学年学费减免1万元人民币的入学奖励。

如学生总录取成绩优异，可获得学校广东省提前批第一批本科新生入学奖学金或广东省综合评价录取奖学金，获奖条件及审核办法详见《2017年UIC广东省综合评价录取奖学金实施办法》及《2017年UIC广东省提前批第一批本科新生入学奖学金实施办法》。
珠海籍新生专项奖学金与学校2017年广东省综合评价录取奖学金及2017年广东省提前批第一批本科新生入学奖学金不可兼得。"
68,珠海新生的奖学金政策？,"符合申请资格的珠海籍考生，被我校2017年录取并正式就读的，可获得我校珠海籍新生专项奖学金：

对于综合评价批次录取的考生，综合总成绩在该批次珠海籍录取考生中文理科排名各前5名的新生，学校给予一次性第一学年学费减半的入学奖励；对于其他综合评价批次录取的珠海籍新生，学校给予一次性第一学年学费减免1万元人民币的入学奖励。

对于提前批第一批本科批次录取的珠海籍新生，学校给予一次性第一学年学费减免1万元人民币的入学奖励。

如学生总录取成绩优异，可获得学校广东省提前批第一批本科新生入学奖学金或广东省综合评价录取奖学金，获奖条件及审核办法详见《2017年UIC广东省综合评价录取奖学金实施办法》及《2017年UIC广东省提前批第一批本科新生入学奖学金实施办法》。
珠海籍新生专项奖学金与学校2017年广东省综合评价录取奖学金及2017年广东省提前批第一批本科新生入学奖学金不可兼得。"
69,广东综合评价录取奖学金获得要求是什么？,符合以上申请资格的广东省考生，被我校2017年综合评价录取并正式就读的，文科考生高考总成绩至少高出广东省第一批本科线30分或以上，理科考生高考总成绩至少高出广东省第一批本科线50分或以上；且综合评价录取总成绩排名在文理各前20名的新生，经学校奖助学金委员会评定，给予当年学费减半，原则上为期四年。
69,综合评价奖学金要求是什么？,符合以上申请资格的广东省考生，被我校2017年综合评价录取并正式就读的，文科考生高考总成绩至少高出广东省第一批本科线30分或以上，理科考生高考总成绩至少高出广东省第一批本科线50分或以上；且综合评价录取总成绩排名在文理各前20名的新生，经学校奖助学金委员会评定，给予当年学费减半，原则上为期四年。
69,综合评价分数达到多少可以获得奖学金？,符合以上申请资格的广东省考生，被我校2017年综合评价录取并正式就读的，文科考生高考总成绩至少高出广东省第一批本科线30分或以上，理科考生高考总成绩至少高出广东省第一批本科线50分或以上；且综合评价录取总成绩排名在文理各前20名的新生，经学校奖助学金委员会评定，给予当年学费减半，原则上为期四年。
69,综合评价奖学金的分数线是多少？,符合以上申请资格的广东省考生，被我校2017年综合评价录取并正式就读的，文科考生高考总成绩至少高出广东省第一批本科线30分或以上，理科考生高考总成绩至少高出广东省第一批本科线50分或以上；且综合评价录取总成绩排名在文理各前20名的新生，经学校奖助学金委员会评定，给予当年学费减半，原则上为期四年。
70,奖学金续得有什么要求？,奖学金的发放原则上为期四年，但每学年结束后须进行审核，审核成绩要求为：学生前一学年度的平均成绩须在本年级或本专业前10%以内，次学年方可续得奖学金。如遇特殊情况，学校奖助学金委员会将视情况酌情进行评定。
70,保持奖学金获得的要求是什么？,奖学金的发放原则上为期四年，但每学年结束后须进行审核，审核成绩要求为：学生前一学年度的平均成绩须在本年级或本专业前10%以内，次学年方可续得奖学金。如遇特殊情况，学校奖助学金委员会将视情况酌情进行评定。
70,奖学金是持续获得的吗？,奖学金的发放原则上为期四年，但每学年结束后须进行审核，审核成绩要求为：学生前一学年度的平均成绩须在本年级或本专业前10%以内，次学年方可续得奖学金。如遇特殊情况，学校奖助学金委员会将视情况酌情进行评定。
70,如何保持获得奖学金？,奖学金的发放原则上为期四年，但每学年结束后须进行审核，审核成绩要求为：学生前一学年度的平均成绩须在本年级或本专业前10%以内，次学年方可续得奖学金。如遇特殊情况，学校奖助学金委员会将视情况酌情进行评定。
71,UIC设有哪些在校奖助学金？,"学生在校期间，学校还特别设置了以下奖学金，嘉奖学业成绩优秀及各方面均表现优异的学生：
1、一等奖学金
2、二等奖学金
3、曾宪博教授奖学金
4、冯燊均先生国情国学教育优秀学生奖学金
5、许嘉璐全人教育奖学金
6、广东省政府来粤留学生奖学金(针对国际生)
7、联通奖学金
8、古楚璧伉俪助学金
9、国家奖学金
10、国家励志奖学金
11、国家助学金

注: 欲了解上述奖助学金的申请及评选方法，请浏览网页http://uic.edu.hk/sao，点击奖学金栏目。评定准则有可能每年进行调整，最终以奖学金及经济援助委员会评定为准。"
71,奖学金和助学金？,"学生在校期间，学校还特别设置了以下奖学金，嘉奖学业成绩优秀及各方面均表现优异的学生：
1、一等奖学金
2、二等奖学金
3、曾宪博教授奖学金
4、冯燊均先生国情国学教育优秀学生奖学金
5、许嘉璐全人教育奖学金
6、广东省政府来粤留学生奖学金(针对国际生)
7、联通奖学金
8、古楚璧伉俪助学金
9、国家奖学金
10、国家励志奖学金
11、国家助学金

注: 欲了解上述奖助学金的申请及评选方法，请浏览网页http://uic.edu.hk/sao，点击奖学金栏目。评定准则有可能每年进行调整，最终以奖学金及经济援助委员会评定为准。"
71,UIC有哪些奖学金？,"学生在校期间，学校还特别设置了以下奖学金，嘉奖学业成绩优秀及各方面均表现优异的学生：
1、一等奖学金
2、二等奖学金
3、曾宪博教授奖学金
4、冯燊均先生国情国学教育优秀学生奖学金
5、许嘉璐全人教育奖学金
6、广东省政府来粤留学生奖学金(针对国际生)
7、联通奖学金
8、古楚璧伉俪助学金
9、国家奖学金
10、国家励志奖学金
11、国家助学金

注: 欲了解上述奖助学金的申请及评选方法，请浏览网页http://uic.edu.hk/sao，点击奖学金栏目。评定准则有可能每年进行调整，最终以奖学金及经济援助委员会评定为准。"
71,UIC的助学金有哪些？,"学生在校期间，学校还特别设置了以下奖学金，嘉奖学业成绩优秀及各方面均表现优异的学生：
1、一等奖学金
2、二等奖学金
3、曾宪博教授奖学金
4、冯燊均先生国情国学教育优秀学生奖学金
5、许嘉璐全人教育奖学金
6、广东省政府来粤留学生奖学金(针对国际生)
7、联通奖学金
8、古楚璧伉俪助学金
9、国家奖学金
10、国家励志奖学金
11、国家助学金

注: 欲了解上述奖助学金的申请及评选方法，请浏览网页http://uic.edu.hk/sao，点击奖学金栏目。评定准则有可能每年进行调整，最终以奖学金及经济援助委员会评定为准。"
71,UIC设有助学金吗？,"学生在校期间，学校还特别设置了以下奖学金，嘉奖学业成绩优秀及各方面均表现优异的学生：
1、一等奖学金
2、二等奖学金
3、曾宪博教授奖学金
4、冯燊均先生国情国学教育优秀学生奖学金
5、许嘉璐全人教育奖学金
6、广东省政府来粤留学生奖学金(针对国际生)
7、联通奖学金
8、古楚璧伉俪助学金
9、国家奖学金
10、国家励志奖学金
11、国家助学金

注: 欲了解上述奖助学金的申请及评选方法，请浏览网页http://uic.edu.hk/sao，点击奖学金栏目。评定准则有可能每年进行调整，最终以奖学金及经济援助委员会评定为准。"
72,专业及课程如何设置？,UIC参照香港浸会大学的课程设置，根据内地和港澳地区的发展和对人才的需求，提出专业设置方案，经由香港浸会大学相关专业的教授专家共同商讨提出具体方案，报请香港浸会大学教务委员会审批，之后才可具体实施。详细专业设置请查看UIC招生信息网。
72,UIC的专业和课程是怎么安排的？,UIC参照香港浸会大学的课程设置，根据内地和港澳地区的发展和对人才的需求，提出专业设置方案，经由香港浸会大学相关专业的教授专家共同商讨提出具体方案，报请香港浸会大学教务委员会审批，之后才可具体实施。详细专业设置请查看UIC招生信息网。
72,UIC的课程是怎样的？,UIC参照香港浸会大学的课程设置，根据内地和港澳地区的发展和对人才的需求，提出专业设置方案，经由香港浸会大学相关专业的教授专家共同商讨提出具体方案，报请香港浸会大学教务委员会审批，之后才可具体实施。详细专业设置请查看UIC招生信息网。
72,各专业的课程设置是怎样的？,UIC参照香港浸会大学的课程设置，根据内地和港澳地区的发展和对人才的需求，提出专业设置方案，经由香港浸会大学相关专业的教授专家共同商讨提出具体方案，报请香港浸会大学教务委员会审批，之后才可具体实施。详细专业设置请查看UIC招生信息网。
73,教学质量怎么保证？,为保证教学质量，学校建立了一套完整的课程评定程序，并成立了一个由香港浸会大学校长领导的品质保证机构。该机构负责组织教学评估，对师资学术资格的鉴定，并组织包括香港浸会大学职员在内的外校评测官，定期来校检查。
73,如何保证教学质量？,为保证教学质量，学校建立了一套完整的课程评定程序，并成立了一个由香港浸会大学校长领导的品质保证机构。该机构负责组织教学评估，对师资学术资格的鉴定，并组织包括香港浸会大学职员在内的外校评测官，定期来校检查。
73,教学质量可以保证吗？,为保证教学质量，学校建立了一套完整的课程评定程序，并成立了一个由香港浸会大学校长领导的品质保证机构。该机构负责组织教学评估，对师资学术资格的鉴定，并组织包括香港浸会大学职员在内的外校评测官，定期来校检查。
73,UIC的教学质量如何？,为保证教学质量，学校建立了一套完整的课程评定程序，并成立了一个由香港浸会大学校长领导的品质保证机构。该机构负责组织教学评估，对师资学术资格的鉴定，并组织包括香港浸会大学职员在内的外校评测官，定期来校检查。
73,北师港浸大的教学质量怎样？,为保证教学质量，学校建立了一套完整的课程评定程序，并成立了一个由香港浸会大学校长领导的品质保证机构。该机构负责组织教学评估，对师资学术资格的鉴定，并组织包括香港浸会大学职员在内的外校评测官，定期来校检查。
74,贵校颁发的香港浸会大学学士学位证书为什么有“荣誉”二字？,"香港学位不同于内地，只有学业水平较高者才可获得此项殊荣，学生获得哪一个等级的学位证书是根据本人在学期间的cGPA来确定。香港浸会大学学士学位的分类如下：
First Class (甲等)
Second Class (Division Ⅰ) (乙等一级)
Second Class (Division Ⅱ) (乙等二级)
Third Class (丙等)
Pass (颁发一般学位)"
74,该校学士学位证书上“荣誉”二字是什么意思？,"香港学位不同于内地，只有学业水平较高者才可获得此项殊荣，学生获得哪一个等级的学位证书是根据本人在学期间的cGPA来确定。香港浸会大学学士学位的分类如下：
First Class (甲等)
Second Class (Division Ⅰ) (乙等一级)
Second Class (Division Ⅱ) (乙等二级)
Third Class (丙等)
Pass (颁发一般学位)"
74,学士学位证书上的“荣誉”有什么含义？,"香港学位不同于内地，只有学业水平较高者才可获得此项殊荣，学生获得哪一个等级的学位证书是根据本人在学期间的cGPA来确定。香港浸会大学学士学位的分类如下：
First Class (甲等)
Second Class (Division Ⅰ) (乙等一级)
Second Class (Division Ⅱ) (乙等二级)
Third Class (丙等)
Pass (颁发一般学位)"
75,UIC的教育模式是怎样的？,UIC以博雅教育为办学理念，不仅注重专业教育更强调通识教育和全人教育。
75,可以说一下学校的教育模式吗？,UIC以博雅教育为办学理念，不仅注重专业教育更强调通识教育和全人教育。
75,UIC采用什么样的教育模式？,UIC以博雅教育为办学理念，不仅注重专业教育更强调通识教育和全人教育。
75,学校的教育模式如何？,UIC以博雅教育为办学理念，不仅注重专业教育更强调通识教育和全人教育。
76,什么是博雅教育？,UIC博雅教育注重学生心智的开启与扩展、见识的广博与洞明，以及人格的健全和养成，而非局限于某一狭窄领域的知识和技术的传授。UIC致力于为中国内地打造第一所将专业教育与通识教育相结合，多元化、跨学科的博雅大学。UIC希望培养既能深谙中国的社会与文化，又具备全球眼光和视野的精英人才。 
76,博雅教育是什么？,UIC博雅教育注重学生心智的开启与扩展、见识的广博与洞明，以及人格的健全和养成，而非局限于某一狭窄领域的知识和技术的传授。UIC致力于为中国内地打造第一所将专业教育与通识教育相结合，多元化、跨学科的博雅大学。UIC希望培养既能深谙中国的社会与文化，又具备全球眼光和视野的精英人才。 
76,博雅教育包含什么？,UIC博雅教育注重学生心智的开启与扩展、见识的广博与洞明，以及人格的健全和养成，而非局限于某一狭窄领域的知识和技术的传授。UIC致力于为中国内地打造第一所将专业教育与通识教育相结合，多元化、跨学科的博雅大学。UIC希望培养既能深谙中国的社会与文化，又具备全球眼光和视野的精英人才。 
76,博雅教育的含义？,UIC博雅教育注重学生心智的开启与扩展、见识的广博与洞明，以及人格的健全和养成，而非局限于某一狭窄领域的知识和技术的传授。UIC致力于为中国内地打造第一所将专业教育与通识教育相结合，多元化、跨学科的博雅大学。UIC希望培养既能深谙中国的社会与文化，又具备全球眼光和视野的精英人才。 
76,博雅教育是什么意思？,UIC博雅教育注重学生心智的开启与扩展、见识的广博与洞明，以及人格的健全和养成，而非局限于某一狭窄领域的知识和技术的传授。UIC致力于为中国内地打造第一所将专业教育与通识教育相结合，多元化、跨学科的博雅大学。UIC希望培养既能深谙中国的社会与文化，又具备全球眼光和视野的精英人才。 
77,什么是全人教育？,"全人教育(Whole Person Education)是UIC创新博雅教育的核心理念和灵魂，它一方面是对香港浸会大学“全人教育”理念的传承，另一方面又针对全球化时代的特点以及中国的优秀文化传统和具体国情有所创新。全人教育不仅注重知识传授和技能习得，而且要使学生在身体、智力、道德、审美、批判性思维、创造性、精神和价值操守等方面都得到发展，旨在培养博雅通达、健全发展的人。
    UIC全人教育共有七个学习模块：情绪智能、体验拓展、义工服务、环境意识、体育文化、艺术体验和逆境管理。UIC全人教育建有较为完善的学习拓展基地，寒暑期还有丰富多彩的学生实践项目。"
77,全人教育是什么？,"全人教育(Whole Person Education)是UIC创新博雅教育的核心理念和灵魂，它一方面是对香港浸会大学“全人教育”理念的传承，另一方面又针对全球化时代的特点以及中国的优秀文化传统和具体国情有所创新。全人教育不仅注重知识传授和技能习得，而且要使学生在身体、智力、道德、审美、批判性思维、创造性、精神和价值操守等方面都得到发展，旨在培养博雅通达、健全发展的人。
    UIC全人教育共有七个学习模块：情绪智能、体验拓展、义工服务、环境意识、体育文化、艺术体验和逆境管理。UIC全人教育建有较为完善的学习拓展基地，寒暑期还有丰富多彩的学生实践项目。"
77,全人教育包含什么？,"全人教育(Whole Person Education)是UIC创新博雅教育的核心理念和灵魂，它一方面是对香港浸会大学“全人教育”理念的传承，另一方面又针对全球化时代的特点以及中国的优秀文化传统和具体国情有所创新。全人教育不仅注重知识传授和技能习得，而且要使学生在身体、智力、道德、审美、批判性思维、创造性、精神和价值操守等方面都得到发展，旨在培养博雅通达、健全发展的人。
    UIC全人教育共有七个学习模块：情绪智能、体验拓展、义工服务、环境意识、体育文化、艺术体验和逆境管理。UIC全人教育建有较为完善的学习拓展基地，寒暑期还有丰富多彩的学生实践项目。"
77,什么样的教育是全人教育？,"全人教育(Whole Person Education)是UIC创新博雅教育的核心理念和灵魂，它一方面是对香港浸会大学“全人教育”理念的传承，另一方面又针对全球化时代的特点以及中国的优秀文化传统和具体国情有所创新。全人教育不仅注重知识传授和技能习得，而且要使学生在身体、智力、道德、审美、批判性思维、创造性、精神和价值操守等方面都得到发展，旨在培养博雅通达、健全发展的人。
    UIC全人教育共有七个学习模块：情绪智能、体验拓展、义工服务、环境意识、体育文化、艺术体验和逆境管理。UIC全人教育建有较为完善的学习拓展基地，寒暑期还有丰富多彩的学生实践项目。"
77,全人教育的含义？,"全人教育(Whole Person Education)是UIC创新博雅教育的核心理念和灵魂，它一方面是对香港浸会大学“全人教育”理念的传承，另一方面又针对全球化时代的特点以及中国的优秀文化传统和具体国情有所创新。全人教育不仅注重知识传授和技能习得，而且要使学生在身体、智力、道德、审美、批判性思维、创造性、精神和价值操守等方面都得到发展，旨在培养博雅通达、健全发展的人。
    UIC全人教育共有七个学习模块：情绪智能、体验拓展、义工服务、环境意识、体育文化、艺术体验和逆境管理。UIC全人教育建有较为完善的学习拓展基地，寒暑期还有丰富多彩的学生实践项目。"
77,全人教育是什么意思？,"全人教育(Whole Person Education)是UIC创新博雅教育的核心理念和灵魂，它一方面是对香港浸会大学“全人教育”理念的传承，另一方面又针对全球化时代的特点以及中国的优秀文化传统和具体国情有所创新。全人教育不仅注重知识传授和技能习得，而且要使学生在身体、智力、道德、审美、批判性思维、创造性、精神和价值操守等方面都得到发展，旨在培养博雅通达、健全发展的人。
    UIC全人教育共有七个学习模块：情绪智能、体验拓展、义工服务、环境意识、体育文化、艺术体验和逆境管理。UIC全人教育建有较为完善的学习拓展基地，寒暑期还有丰富多彩的学生实践项目。"
78,什么是四维教育？,“四维教育”是北京师范大学-香港浸会大学联合国际学院（简称UIC）独特的创新教育理念。“四维”，即师（学校）、生（学生）、家（家庭）、国（社会）。它以学生为核心，集合学校、家庭和社会的力量，透过四方的良性互动，通过对学生在学习、生活、家庭、心理、职业发展等方面的全方位关爱与服务，结合学生的自我教育，完善以学生为本的教育模式，达到培育全人的目标并成功实现学生向社会的顺利过渡。
78,四维教育是什么？,“四维教育”是北京师范大学-香港浸会大学联合国际学院（简称UIC）独特的创新教育理念。“四维”，即师（学校）、生（学生）、家（家庭）、国（社会）。它以学生为核心，集合学校、家庭和社会的力量，透过四方的良性互动，通过对学生在学习、生活、家庭、心理、职业发展等方面的全方位关爱与服务，结合学生的自我教育，完善以学生为本的教育模式，达到培育全人的目标并成功实现学生向社会的顺利过渡。
78,四维教育包含什么？,“四维教育”是北京师范大学-香港浸会大学联合国际学院（简称UIC）独特的创新教育理念。“四维”，即师（学校）、生（学生）、家（家庭）、国（社会）。它以学生为核心，集合学校、家庭和社会的力量，透过四方的良性互动，通过对学生在学习、生活、家庭、心理、职业发展等方面的全方位关爱与服务，结合学生的自我教育，完善以学生为本的教育模式，达到培育全人的目标并成功实现学生向社会的顺利过渡。
78,什么样的教育是四维教育？,“四维教育”是北京师范大学-香港浸会大学联合国际学院（简称UIC）独特的创新教育理念。“四维”，即师（学校）、生（学生）、家（家庭）、国（社会）。它以学生为核心，集合学校、家庭和社会的力量，透过四方的良性互动，通过对学生在学习、生活、家庭、心理、职业发展等方面的全方位关爱与服务，结合学生的自我教育，完善以学生为本的教育模式，达到培育全人的目标并成功实现学生向社会的顺利过渡。
78,四维教育的含义？,“四维教育”是北京师范大学-香港浸会大学联合国际学院（简称UIC）独特的创新教育理念。“四维”，即师（学校）、生（学生）、家（家庭）、国（社会）。它以学生为核心，集合学校、家庭和社会的力量，透过四方的良性互动，通过对学生在学习、生活、家庭、心理、职业发展等方面的全方位关爱与服务，结合学生的自我教育，完善以学生为本的教育模式，达到培育全人的目标并成功实现学生向社会的顺利过渡。
78,四维教育是什么意思？,“四维教育”是北京师范大学-香港浸会大学联合国际学院（简称UIC）独特的创新教育理念。“四维”，即师（学校）、生（学生）、家（家庭）、国（社会）。它以学生为核心，集合学校、家庭和社会的力量，透过四方的良性互动，通过对学生在学习、生活、家庭、心理、职业发展等方面的全方位关爱与服务，结合学生的自我教育，完善以学生为本的教育模式，达到培育全人的目标并成功实现学生向社会的顺利过渡。
79,学生入读后能否适应UIC的全英文教学环境？,"UIC遵循先培养听说能力，再提高写作水平的教学原则，培养学生尽快适应全英文教学环境和专业学习需要。
新生入学后即进行英语统一分班考试，根据学生的不同程度进行英语强化训练，由英语语言中心（ELC）提供：
一对一的写作中心专业辅导，
二十人每组的小班教学，
三小时每周的英语专门课程，
四年贯穿的小班制英语学习。 
从历年学生的学习和考试情况看，大部分学生能够较好的适应全英文教学环境。"
79,全英文教学好适应吗？,"UIC遵循先培养听说能力，再提高写作水平的教学原则，培养学生尽快适应全英文教学环境和专业学习需要。
新生入学后即进行英语统一分班考试，根据学生的不同程度进行英语强化训练，由英语语言中心（ELC）提供：
一对一的写作中心专业辅导，
二十人每组的小班教学，
三小时每周的英语专门课程，
四年贯穿的小班制英语学习。 
从历年学生的学习和考试情况看，大部分学生能够较好的适应全英文教学环境。"
79,全英教学无法适应怎么办？,"UIC遵循先培养听说能力，再提高写作水平的教学原则，培养学生尽快适应全英文教学环境和专业学习需要。
新生入学后即进行英语统一分班考试，根据学生的不同程度进行英语强化训练，由英语语言中心（ELC）提供：
一对一的写作中心专业辅导，
二十人每组的小班教学，
三小时每周的英语专门课程，
四年贯穿的小班制英语学习。 
从历年学生的学习和考试情况看，大部分学生能够较好的适应全英文教学环境。"
79,学生容易适应全英教学吗？,"UIC遵循先培养听说能力，再提高写作水平的教学原则，培养学生尽快适应全英文教学环境和专业学习需要。
新生入学后即进行英语统一分班考试，根据学生的不同程度进行英语强化训练，由英语语言中心（ELC）提供：
一对一的写作中心专业辅导，
二十人每组的小班教学，
三小时每周的英语专门课程，
四年贯穿的小班制英语学习。 
从历年学生的学习和考试情况看，大部分学生能够较好的适应全英文教学环境。"
1,你们是什么大学？,UIC是由内地与香港两所公立大学——北京师范大学和香港浸会大学联合创办、具有独立法人资格的普通本科高等学校，实行董事会领导下的校长负责制。作为首家内地与香港高等教育界合办的大学，UIC的定位是成为“一所为中国和世界服务的新型博雅大学”。UIC以创建内地首家博雅大学，培育国际精英人才为使命，旨在通过在内地率先推行博雅教育，促进中国高等教育国际化。
1,这是什么大学？,UIC是由内地与香港两所公立大学——北京师范大学和香港浸会大学联合创办、具有独立法人资格的普通本科高等学校，实行董事会领导下的校长负责制。作为首家内地与香港高等教育界合办的大学，UIC的定位是成为“一所为中国和世界服务的新型博雅大学”。UIC以创建内地首家博雅大学，培育国际精英人才为使命，旨在通过在内地率先推行博雅教育，促进中国高等教育国际化。
1,UIC是什么样的大学,UIC是由内地与香港两所公立大学——北京师范大学和香港浸会大学联合创办、具有独立法人资格的普通本科高等学校，实行董事会领导下的校长负责制。作为首家内地与香港高等教育界合办的大学，UIC的定位是成为“一所为中国和世界服务的新型博雅大学”。UIC以创建内地首家博雅大学，培育国际精英人才为使命，旨在通过在内地率先推行博雅教育，促进中国高等教育国际化。
1,北师港浸大是什么大学,UIC是由内地与香港两所公立大学——北京师范大学和香港浸会大学联合创办、具有独立法人资格的普通本科高等学校，实行董事会领导下的校长负责制。作为首家内地与香港高等教育界合办的大学，UIC的定位是成为“一所为中国和世界服务的新型博雅大学”。UIC以创建内地首家博雅大学，培育国际精英人才为使命，旨在通过在内地率先推行博雅教育，促进中国高等教育国际化。
2,学校类别是什么？,中外合作办学
2,学校的办学模式是什么？,中外合作办学
2,贵校的办学模式是什么？,中外合作办学
2,贵校类别是什么？,中外合作办学
3,校长是谁？ ,汤涛，男，1963年5月出生于安徽舒城，计算数学家，中国科学院院士，北京师范大学-香港浸会大学联合国际学院校长 [1]  。1984年汤涛毕业于北京大学数学系；1989年获得英国利兹大学博士学位；1990年至1998年在加拿大西门菲莎大学工作；1998年至2015年，在香港浸会大学工作，历任数学系系主任、研究生院院长、代理副校长、协理副校长、理学院院长 [2]  ；2007年获得国家杰出青年（海外）科学基金资助；2015年被聘为南方科技大学副校长 [3]  ；2017年当选中国科学院院士 [4]  ；2019年担任北京师范大学-香港浸会大学联合国际学院校长 [5]  。
3,汤涛是谁？,汤涛，男，1963年5月出生于安徽舒城，计算数学家，中国科学院院士，北京师范大学-香港浸会大学联合国际学院校长 [1]  。1984年汤涛毕业于北京大学数学系；1989年获得英国利兹大学博士学位；1990年至1998年在加拿大西门菲莎大学工作；1998年至2015年，在香港浸会大学工作，历任数学系系主任、研究生院院长、代理副校长、协理副校长、理学院院长 [2]  ；2007年获得国家杰出青年（海外）科学基金资助；2015年被聘为南方科技大学副校长 [3]  ；2017年当选中国科学院院士 [4]  ；2019年担任北京师范大学-香港浸会大学联合国际学院校长 [5]  。
3,你们的校长是谁？,汤涛，男，1963年5月出生于安徽舒城，计算数学家，中国科学院院士，北京师范大学-香港浸会大学联合国际学院校长 [1]  。1984年汤涛毕业于北京大学数学系；1989年获得英国利兹大学博士学位；1990年至1998年在加拿大西门菲莎大学工作；1998年至2015年，在香港浸会大学工作，历任数学系系主任、研究生院院长、代理副校长、协理副校长、理学院院长 [2]  ；2007年获得国家杰出青年（海外）科学基金资助；2015年被聘为南方科技大学副校长 [3]  ；2017年当选中国科学院院士 [4]  ；2019年担任北京师范大学-香港浸会大学联合国际学院校长 [5]  。
3,贵校校长？,汤涛，男，1963年5月出生于安徽舒城，计算数学家，中国科学院院士，北京师范大学-香港浸会大学联合国际学院校长 [1]  。1984年汤涛毕业于北京大学数学系；1989年获得英国利兹大学博士学位；1990年至1998年在加拿大西门菲莎大学工作；1998年至2015年，在香港浸会大学工作，历任数学系系主任、研究生院院长、代理副校长、协理副校长、理学院院长 [2]  ；2007年获得国家杰出青年（海外）科学基金资助；2015年被聘为南方科技大学副校长 [3]  ；2017年当选中国科学院院士 [4]  ；2019年担任北京师范大学-香港浸会大学联合国际学院校长 [5]  。
4,学校所在城市气候怎么样？ ,亚热带季风性气候
4,珠海的气候怎么样？,亚热带季风性气候
4,UIC这边气候如何？,亚热带季风性气候
4,贵校所在城市气候如何？,亚热带季风性气候
5,校长从事什么样的研究？,汤涛主要从事计算数学研究，研究内容包括相场模型的稳定性算法、不确定性量化的高精度算法
5,汤涛从事何种研究？,汤涛主要从事计算数学研究，研究内容包括相场模型的稳定性算法、不确定性量化的高精度算法
5,校长有什么研究领域吗？,汤涛主要从事计算数学研究，研究内容包括相场模型的稳定性算法、不确定性量化的高精度算法
5,汤涛研究什么？,汤涛主要从事计算数学研究，研究内容包括相场模型的稳定性算法、不确定性量化的高精度算法
6,可以来学校参观吗？ ,UIC为开放式校园，以海纳百川的心态欢迎所有的考生和家长到学校参观体验。
6,可以来学校看看嘛？,UIC为开放式校园，以海纳百川的心态欢迎所有的考生和家长到学校参观体验。
6,可以参观UIC吗,UIC为开放式校园，以海纳百川的心态欢迎所有的考生和家长到学校参观体验。
6,参观学校？,UIC为开放式校园，以海纳百川的心态欢迎所有的考生和家长到学校参观体验。
6,禁止参观学校吗？,UIC为开放式校园，以海纳百川的心态欢迎所有的考生和家长到学校参观体验。
7,学校周边环境怎么样？ ,学校地处珠海市高新区，附近高校林立，交通生活方便。
7,校周围环境？,学校地处珠海市高新区，附近高校林立，交通生活方便。
7,学校附近交通方便吗？,学校地处珠海市高新区，附近高校林立，交通生活方便。
8,学校的占地面积有多大？,UIC校园占地300亩，总建筑面积约26.4万平方米，其中教学区域建筑面积约19.5万平方米，是金凤路教学楼建筑面积的5倍，可容纳6000名本科生及1000名教职员。
8,学校有多大？,UIC校园占地300亩，总建筑面积约26.4万平方米，其中教学区域建筑面积约19.5万平方米，是金凤路教学楼建筑面积的5倍，可容纳6000名本科生及1000名教职员。
8,学校大吗？,UIC校园占地300亩，总建筑面积约26.4万平方米，其中教学区域建筑面积约19.5万平方米，是金凤路教学楼建筑面积的5倍，可容纳6000名本科生及1000名教职员。
8,学校面积小吗？,UIC校园占地300亩，总建筑面积约26.4万平方米，其中教学区域建筑面积约19.5万平方米，是金凤路教学楼建筑面积的5倍，可容纳6000名本科生及1000名教职员。
9,学校有几个校区，地址在哪？,学校地址：珠海市香洲区金同路2000号。邮编：519085。招生办电话：0756-3620011、3620022、3620033、3620044.
9,学校的地理位置？,学校地址：珠海市香洲区金同路2000号。邮编：519085。招生办电话：0756-3620011、3620022、3620033、3620044.
9,UIC地址？,学校地址：珠海市香洲区金同路2000号。邮编：519085。招生办电话：0756-3620011、3620022、3620033、3620044.
9,贵校地点？,学校地址：珠海市香洲区金同路2000号。邮编：519085。招生办电话：0756-3620011、3620022、3620033、3620044.
10,学校近期是否会搬校区？,学校在建新校区位于唐家湾会同古村，将于2017年9月投入使用，届时我们将正式搬入位于会同的新校园
10,听说学校搬地方了？,学校在建新校区位于唐家湾会同古村，将于2017年9月投入使用，届时我们将正式搬入位于会同的新校园
10,学校的新校区在哪里？,学校在建新校区位于唐家湾会同古村，将于2017年9月投入使用，届时我们将正式搬入位于会同的新校园
10,什么时候能去新校区,学校在建新校区位于唐家湾会同古村，将于2017年9月投入使用，届时我们将正式搬入位于会同的新校园
11,学校有多少在校生？,我校现有在校生5300余人。
11,学校在校生人数？,我校现有在校生5300余人。
11,学校目前有多少人？,我校现有在校生5300余人。
11,UIC总共有多少学生？,我校现有在校生5300余人。
12,学校官方网址是什么？,学校官网的网址是：www.uic.edu.hk
12,学校官网？,学校官网的网址是：www.uic.edu.hk
12,能给一下学校官网吗？,学校官网的网址是：www.uic.edu.hk
13,学校招生网址是多少？ ,学校招生网：www.uic.edu.hk/admission
13,招生页面,学校招生网：www.uic.edu.hk/admission
13,网上怎么了解招生相关的信息？,学校招生网：www.uic.edu.hk/admission
13,学校有招生相关资料吗？,学校招生网：www.uic.edu.hk/admission
14,学校招生办公室的上班时间？ ,"我校招生办上班时间为周一至周五，早上8:30-12:00,下午13:00-17:30。"
14,校招办的上班时间？,"我校招生办上班时间为周一至周五，早上8:30-12:00,下午13:00-17:30。"
14,学校招生部门的上班时间？,"我校招生办上班时间为周一至周五，早上8:30-12:00,下午13:00-17:30。"
15,学校招生办的联系方式？,"招生热线：（0756）3620011、3620022、 3620033、 3620044
传真号码：（0756）3620047
电子邮箱：admission@uic.edu.hk
学校网址：http://www.uic.edu.hk
招生信息网：http://www.uic.edu.hk/admission"
15,招办联系方式？,"招生热线：（0756）3620011、3620022、 3620033、 3620044
传真号码：（0756）3620047
电子邮箱：admission@uic.edu.hk
学校网址：http://www.uic.edu.hk
招生信息网：http://www.uic.edu.hk/admission"
15,招生办的电话有吗？,"招生热线：（0756）3620011、3620022、 3620033、 3620044
传真号码：（0756）3620047
电子邮箱：admission@uic.edu.hk
学校网址：http://www.uic.edu.hk
招生信息网：http://www.uic.edu.hk/admission"
16,招生热线免费吗？ ,招生热线为校内办公电话，按话费标准收取，不收取服务费。
16,招生电话要钱吗？,招生热线为校内办公电话，按话费标准收取，不收取服务费。
16,打招办电话的费用怎么算？,招生热线为校内办公电话，按话费标准收取，不收取服务费。
17,有招生咨询QQ吗？ ,我校各省均成立报考咨询QQ群。
17,有咨询的QQ吗？,我校各省均成立报考咨询QQ群。
18,教务处的电话是多少？ ,我校教务处的电话是：0756-3620303。
18,教务处联系方式？,我校教务处的电话是：0756-3620303。
18,教务处有电话吗？,我校教务处的电话是：0756-3620303。
19,学生处的电话是？ ,我校学生处的电话是：0756-3620227。
19,学生处联系方式？,我校学生处的电话是：0756-3620227。
20,学校有哪些特色的校园文化活动？,UIC以丰富多彩的大学生活，让学生在体验中学习和成长，实现学生自我管理、成长和超越，培育学生成为具有服务精神的领袖人才。UIC现有兴趣社团共64个，同学们可以充分发展自己的兴趣爱好。同时学校还会定期举办各种文化学术讲座、高桌晚宴、音乐演唱会、舞台剧、展览等。
20,学校文化活动多吗？,UIC以丰富多彩的大学生活，让学生在体验中学习和成长，实现学生自我管理、成长和超越，培育学生成为具有服务精神的领袖人才。UIC现有兴趣社团共64个，同学们可以充分发展自己的兴趣爱好。同时学校还会定期举办各种文化学术讲座、高桌晚宴、音乐演唱会、舞台剧、展览等。
20,学校有特色活动吗？,UIC以丰富多彩的大学生活，让学生在体验中学习和成长，实现学生自我管理、成长和超越，培育学生成为具有服务精神的领袖人才。UIC现有兴趣社团共64个，同学们可以充分发展自己的兴趣爱好。同时学校还会定期举办各种文化学术讲座、高桌晚宴、音乐演唱会、舞台剧、展览等。
20,学校除了学习外有什么活动吗？,UIC以丰富多彩的大学生活，让学生在体验中学习和成长，实现学生自我管理、成长和超越，培育学生成为具有服务精神的领袖人才。UIC现有兴趣社团共64个，同学们可以充分发展自己的兴趣爱好。同时学校还会定期举办各种文化学术讲座、高桌晚宴、音乐演唱会、舞台剧、展览等。
21,学校有开放日吗？ ,UIC2017年开放日于4月29日举行。为方便考生及家长咨询，UIC每年都会循例在年中选择一天作为开放日。当天，会把各个学部、行政部门都集中起来，为家长搭建充足的咨询和了解学校各个细节的平台，让家长花更少的时间，获得更全面的入学资讯。
21,校开放日什么时候？,UIC2017年开放日于4月29日举行。为方便考生及家长咨询，UIC每年都会循例在年中选择一天作为开放日。当天，会把各个学部、行政部门都集中起来，为家长搭建充足的咨询和了解学校各个细节的平台，让家长花更少的时间，获得更全面的入学资讯。
21,UIC开放日？,UIC2017年开放日于4月29日举行。为方便考生及家长咨询，UIC每年都会循例在年中选择一天作为开放日。当天，会把各个学部、行政部门都集中起来，为家长搭建充足的咨询和了解学校各个细节的平台，让家长花更少的时间，获得更全面的入学资讯。
22,UIC社团？,UIC以丰富多彩的大学生活，让学生在体验中学习和成长，实现学生自我管理、成长和超越，培育学生成为具有服务精神的领袖人才。UIC现有兴趣社团共64个，其中学术类10个，社会企业类4个，文化艺术类15个，体育运动类25个，义工服务类5个，其他类5个，同学们可以充分发展自己的兴趣爱好。
22,学校有哪些社团？ ,UIC以丰富多彩的大学生活，让学生在体验中学习和成长，实现学生自我管理、成长和超越，培育学生成为具有服务精神的领袖人才。UIC现有兴趣社团共64个，其中学术类10个，社会企业类4个，文化艺术类15个，体育运动类25个，义工服务类5个，其他类5个，同学们可以充分发展自己的兴趣爱好。
22,学校社团？,UIC以丰富多彩的大学生活，让学生在体验中学习和成长，实现学生自我管理、成长和超越，培育学生成为具有服务精神的领袖人才。UIC现有兴趣社团共64个，其中学术类10个，社会企业类4个，文化艺术类15个，体育运动类25个，义工服务类5个，其他类5个，同学们可以充分发展自己的兴趣爱好。
22,有什么学生组织吗？,UIC以丰富多彩的大学生活，让学生在体验中学习和成长，实现学生自我管理、成长和超越，培育学生成为具有服务精神的领袖人才。UIC现有兴趣社团共64个，其中学术类10个，社会企业类4个，文化艺术类15个，体育运动类25个，义工服务类5个，其他类5个，同学们可以充分发展自己的兴趣爱好。
23,学校的师资力量如何？,学校采用香港浸会大学的标准，面向海外，全球招聘。师资来自全球三十多个国家和地区，其中77%在职专任教师来自内地以外地区。截止至2016年9月，UIC教职工人数约725人，师生比例为1:7。专任教师总数242（不含助教），专任教师中博士学位比例65%，副教授及以上职称比例为33%。
23,UIC的师资力量？,学校采用香港浸会大学的标准，面向海外，全球招聘。师资来自全球三十多个国家和地区，其中77%在职专任教师来自内地以外地区。截止至2016年9月，UIC教职工人数约725人，师生比例为1:7。专任教师总数242（不含助教），专任教师中博士学位比例65%，副教授及以上职称比例为33%。
23,学校老师怎么样？,学校采用香港浸会大学的标准，面向海外，全球招聘。师资来自全球三十多个国家和地区，其中77%在职专任教师来自内地以外地区。截止至2016年9月，UIC教职工人数约725人，师生比例为1:7。专任教师总数242（不含助教），专任教师中博士学位比例65%，副教授及以上职称比例为33%。
24,学校的教学基础设施怎么样？,新校园是一个绿色、开放、富于交流的教学与生活区，充分体现UIC倡导的博雅教育理念的需求。教学楼、学部综合楼、学习资源中心等公共资源围绕中央绿化带建设，形成以学生为中心，宿舍区和教学区交替排列的建设格局，使同学们的学习、生活更为便捷。文化创意中心、体育馆、大学会堂、演艺厅、行政楼、教学楼及宿舍楼等将陆续建成。
24,学校教学设施怎么样？,新校园是一个绿色、开放、富于交流的教学与生活区，充分体现UIC倡导的博雅教育理念的需求。教学楼、学部综合楼、学习资源中心等公共资源围绕中央绿化带建设，形成以学生为中心，宿舍区和教学区交替排列的建设格局，使同学们的学习、生活更为便捷。文化创意中心、体育馆、大学会堂、演艺厅、行政楼、教学楼及宿舍楼等将陆续建成。
24,校内设施怎么样？,新校园是一个绿色、开放、富于交流的教学与生活区，充分体现UIC倡导的博雅教育理念的需求。教学楼、学部综合楼、学习资源中心等公共资源围绕中央绿化带建设，形成以学生为中心，宿舍区和教学区交替排列的建设格局，使同学们的学习、生活更为便捷。文化创意中心、体育馆、大学会堂、演艺厅、行政楼、教学楼及宿舍楼等将陆续建成。
24,UIC有什么学校设施？,新校园是一个绿色、开放、富于交流的教学与生活区，充分体现UIC倡导的博雅教育理念的需求。教学楼、学部综合楼、学习资源中心等公共资源围绕中央绿化带建设，形成以学生为中心，宿舍区和教学区交替排列的建设格局，使同学们的学习、生活更为便捷。文化创意中心、体育馆、大学会堂、演艺厅、行政楼、教学楼及宿舍楼等将陆续建成。
25,学校教学楼有电梯吗？ ,我校教学楼均有电梯
25,教学楼有电梯吗？,我校教学楼均有电梯
25,需要爬楼梯上课吗？,我校教学楼均有电梯
26,图书馆有多大？ ,"学习资源中心现有纸本藏书约23万册，种类逾20万种，中英文藏书比例约为2:3。中心订购了300多种中英文杂志和报纸；拥有与UIC各学科专业相关的英文电子图书逾17万册，中文电子图书逾33万册。另外订购有电子大英百科全书和布莱克威尔在线参考书等数百种参考工具书；数万种与UIC开设学科专业相关的英文电子学术期刊及53种多学科或单一学科数据库。读者也可通过馆员获取香港浸会大学图书馆、大陆各高校图书馆、国家图书馆、国家科技图书馆的文献。
学习资源中心在每学期为读者提供每周两次的图书馆资源讲座。中心拥有丰富的英语分级读物和专业的口语培训软件，全天候播放CCTV英语新闻，同时与英语语言文化中心合作，帮助学生逐步提升英语水平。每个学年，中心都会与进出口公司合作举办两次学术图书展，展出与UIC学科相关的优质的外文原版学术图书。"
26,UIC图书馆怎么样？,"学习资源中心现有纸本藏书约23万册，种类逾20万种，中英文藏书比例约为2:3。中心订购了300多种中英文杂志和报纸；拥有与UIC各学科专业相关的英文电子图书逾17万册，中文电子图书逾33万册。另外订购有电子大英百科全书和布莱克威尔在线参考书等数百种参考工具书；数万种与UIC开设学科专业相关的英文电子学术期刊及53种多学科或单一学科数据库。读者也可通过馆员获取香港浸会大学图书馆、大陆各高校图书馆、国家图书馆、国家科技图书馆的文献。
学习资源中心在每学期为读者提供每周两次的图书馆资源讲座。中心拥有丰富的英语分级读物和专业的口语培训软件，全天候播放CCTV英语新闻，同时与英语语言文化中心合作，帮助学生逐步提升英语水平。每个学年，中心都会与进出口公司合作举办两次学术图书展，展出与UIC学科相关的优质的外文原版学术图书。"
26,学习资源中心情况？,"学习资源中心现有纸本藏书约23万册，种类逾20万种，中英文藏书比例约为2:3。中心订购了300多种中英文杂志和报纸；拥有与UIC各学科专业相关的英文电子图书逾17万册，中文电子图书逾33万册。另外订购有电子大英百科全书和布莱克威尔在线参考书等数百种参考工具书；数万种与UIC开设学科专业相关的英文电子学术期刊及53种多学科或单一学科数据库。读者也可通过馆员获取香港浸会大学图书馆、大陆各高校图书馆、国家图书馆、国家科技图书馆的文献。
学习资源中心在每学期为读者提供每周两次的图书馆资源讲座。中心拥有丰富的英语分级读物和专业的口语培训软件，全天候播放CCTV英语新闻，同时与英语语言文化中心合作，帮助学生逐步提升英语水平。每个学年，中心都会与进出口公司合作举办两次学术图书展，展出与UIC学科相关的优质的外文原版学术图书。"
26,学校藏书情况？,"学习资源中心现有纸本藏书约23万册，种类逾20万种，中英文藏书比例约为2:3。中心订购了300多种中英文杂志和报纸；拥有与UIC各学科专业相关的英文电子图书逾17万册，中文电子图书逾33万册。另外订购有电子大英百科全书和布莱克威尔在线参考书等数百种参考工具书；数万种与UIC开设学科专业相关的英文电子学术期刊及53种多学科或单一学科数据库。读者也可通过馆员获取香港浸会大学图书馆、大陆各高校图书馆、国家图书馆、国家科技图书馆的文献。
学习资源中心在每学期为读者提供每周两次的图书馆资源讲座。中心拥有丰富的英语分级读物和专业的口语培训软件，全天候播放CCTV英语新闻，同时与英语语言文化中心合作，帮助学生逐步提升英语水平。每个学年，中心都会与进出口公司合作举办两次学术图书展，展出与UIC学科相关的优质的外文原版学术图书。"
27,图书馆对外开放吗？ ,图书馆对外开放，只要拿身份证登记即可。学习资源中心纸本藏书约23万册，种类逾20万种，中英藏书比例约为2:3，是中国外语书籍馆藏量最丰富的图书馆之一。
27,学习资源中心对外开放吗？,图书馆对外开放，只要拿身份证登记即可。学习资源中心纸本藏书约23万册，种类逾20万种，中英藏书比例约为2:3，是中国外语书籍馆藏量最丰富的图书馆之一。
27,图书馆只能学生进吗？,图书馆对外开放，只要拿身份证登记即可。学习资源中心纸本藏书约23万册，种类逾20万种，中英藏书比例约为2:3，是中国外语书籍馆藏量最丰富的图书馆之一。
28,学校有游泳馆吗？ ,我校有室内恒温游泳馆。
28,学校有游泳的地方吗？,我校有室内恒温游泳馆。
28,UIC有游泳馆吗？,我校有室内恒温游泳馆。
29,有篮球馆吗？ ,学校有多个室内篮球馆及室外篮球场。
29,学校有篮球场吗？,学校有多个室内篮球馆及室外篮球场。
29,学校打篮球的地方？,学校有多个室内篮球馆及室外篮球场。
29,UIC打篮球有地方吗？,学校有多个室内篮球馆及室外篮球场。
30,学校的校园风气怎么样？ ,UIC学习氛围浓厚，校风积极上进。扎实的专业基础，全面素质的发展，以及较好的英文能力，让UIC学子在各类比赛及活动中锋芒渐露。
30,UIC校风？,UIC学习氛围浓厚，校风积极上进。扎实的专业基础，全面素质的发展，以及较好的英文能力，让UIC学子在各类比赛及活动中锋芒渐露。
30,学校学风怎么样？,UIC学习氛围浓厚，校风积极上进。扎实的专业基础，全面素质的发展，以及较好的英文能力，让UIC学子在各类比赛及活动中锋芒渐露。
31,学校有哪些科研成果？,近年来我校已获得的8项国家自然科学基金（NSFC）立项资助，资助金额达351万元。涵盖的学科有：数学，生物化学，信息科学和医学领域。同时还获得教育部人文社科基金、广东省自然科学基金、珠海市人文社科基金及其它产学研项目资助。
31,学校有科研成果吗？,近年来我校已获得的8项国家自然科学基金（NSFC）立项资助，资助金额达351万元。涵盖的学科有：数学，生物化学，信息科学和医学领域。同时还获得教育部人文社科基金、广东省自然科学基金、珠海市人文社科基金及其它产学研项目资助。
31,学校有什么突出的研究成果吗？,近年来我校已获得的8项国家自然科学基金（NSFC）立项资助，资助金额达351万元。涵盖的学科有：数学，生物化学，信息科学和医学领域。同时还获得教育部人文社科基金、广东省自然科学基金、珠海市人文社科基金及其它产学研项目资助。
32,有博士硕士点吗？,2016年UIC获得教育部批准开展研究生教育，招收研究型硕士及博士生，成为珠海首个全部在珠海本土培养从本科生到博士生的院校。参照国外和香港的教育模式，我校研究生课程分为研究型和授课型两种类型。
32,UIC支持读博士和硕士吗？,2016年UIC获得教育部批准开展研究生教育，招收研究型硕士及博士生，成为珠海首个全部在珠海本土培养从本科生到博士生的院校。参照国外和香港的教育模式，我校研究生课程分为研究型和授课型两种类型。
32,北师港浸大有博士和硕士吗？,2016年UIC获得教育部批准开展研究生教育，招收研究型硕士及博士生，成为珠海首个全部在珠海本土培养从本科生到博士生的院校。参照国外和香港的教育模式，我校研究生课程分为研究型和授课型两种类型。
33,学校设有哪些学院？,学校设有工商管理、人文与社会科学、理工科技和文化与创意四个学部，开设二十多个本科专业。
33,学校学院？,学校设有工商管理、人文与社会科学、理工科技和文化与创意四个学部，开设二十多个本科专业。
33,UIC专业？,学校设有工商管理、人文与社会科学、理工科技和文化与创意四个学部，开设二十多个本科专业。
34,学校允许修双学位吗？,我校没有双学位课程，但学生在校期间可以副修课程。
34,学校支持双学位吗？,我校没有双学位课程，但学生在校期间可以副修课程。
34,我想在UIC修双学位怎么办？,我校没有双学位课程，但学生在校期间可以副修课程。
35,副修可以拿学位么？ ,为培育更多复合型的优秀人才，提高学生综合素质和升学就业竞争力，学校为本校学生提供副修课程。副修课程的设计吸收了香港与世界各地的经验，与国内高校的辅修不尽相同，在一定程度上可以说是教学上的创新。课程为学生提供了在修读本专业之外，更加系统、深入地修读其他学科的机会，增强学生在学习上多元化的自由度。学生可以根据自己的兴趣爱好、职业规划等选择跨专业的学习，拓宽知识面，成为复合型人才。注：完成课程后，同学们须在毕业前向学校申请副修资格核准，审查通过者其副修专业名称将会显示在毕业成绩(Transcript)上，而非记录在学位证书上
35,副修有学位证吗？,为培育更多复合型的优秀人才，提高学生综合素质和升学就业竞争力，学校为本校学生提供副修课程。副修课程的设计吸收了香港与世界各地的经验，与国内高校的辅修不尽相同，在一定程度上可以说是教学上的创新。课程为学生提供了在修读本专业之外，更加系统、深入地修读其他学科的机会，增强学生在学习上多元化的自由度。学生可以根据自己的兴趣爱好、职业规划等选择跨专业的学习，拓宽知识面，成为复合型人才。注：完成课程后，同学们须在毕业前向学校申请副修资格核准，审查通过者其副修专业名称将会显示在毕业成绩(Transcript)上，而非记录在学位证书上
35,副修是什么？,为培育更多复合型的优秀人才，提高学生综合素质和升学就业竞争力，学校为本校学生提供副修课程。副修课程的设计吸收了香港与世界各地的经验，与国内高校的辅修不尽相同，在一定程度上可以说是教学上的创新。课程为学生提供了在修读本专业之外，更加系统、深入地修读其他学科的机会，增强学生在学习上多元化的自由度。学生可以根据自己的兴趣爱好、职业规划等选择跨专业的学习，拓宽知识面，成为复合型人才。注：完成课程后，同学们须在毕业前向学校申请副修资格核准，审查通过者其副修专业名称将会显示在毕业成绩(Transcript)上，而非记录在学位证书上
36,学校奖学金有哪几类？,学校设有新生入学奖学金、华信奖学金、广东省提前批第一批本科新生入学奖学金、广东省综合评价录取奖学金、珠海籍新生专项奖学金、在学奖助学金。具体请登录UIC招生信息网查看。
36,学校奖学金种类？  ,学校设有新生入学奖学金、华信奖学金、广东省提前批第一批本科新生入学奖学金、广东省综合评价录取奖学金、珠海籍新生专项奖学金、在学奖助学金。具体请登录UIC招生信息网查看。
36,学校有哪几种奖学金？,学校设有新生入学奖学金、华信奖学金、广东省提前批第一批本科新生入学奖学金、广东省综合评价录取奖学金、珠海籍新生专项奖学金、在学奖助学金。具体请登录UIC招生信息网查看。
37,在校生出国留学交流的机会多吗？,UIC海外交流学习旨在让学生通过融入国外的学习生活环境，感受另一种文化和教育，扩大思考的角度，更深刻地理解人性和社会，为将来就业或继续深造打下更坚实的基础。UIC学生国际交流学习项目有两种，即海外暑期课程和交换生项目。针对国际学生，UIC还有国际留学生，交换生项目和海外学生短期培训项目。
37,UIC出国交流机会？,UIC海外交流学习旨在让学生通过融入国外的学习生活环境，感受另一种文化和教育，扩大思考的角度，更深刻地理解人性和社会，为将来就业或继续深造打下更坚实的基础。UIC学生国际交流学习项目有两种，即海外暑期课程和交换生项目。针对国际学生，UIC还有国际留学生，交换生项目和海外学生短期培训项目。
37,UIC有交换生的项目吗？,UIC海外交流学习旨在让学生通过融入国外的学习生活环境，感受另一种文化和教育，扩大思考的角度，更深刻地理解人性和社会，为将来就业或继续深造打下更坚实的基础。UIC学生国际交流学习项目有两种，即海外暑期课程和交换生项目。针对国际学生，UIC还有国际留学生，交换生项目和海外学生短期培训项目。
37,学校支持出国交流吗？,UIC海外交流学习旨在让学生通过融入国外的学习生活环境，感受另一种文化和教育，扩大思考的角度，更深刻地理解人性和社会，为将来就业或继续深造打下更坚实的基础。UIC学生国际交流学习项目有两种，即海外暑期课程和交换生项目。针对国际学生，UIC还有国际留学生，交换生项目和海外学生短期培训项目。
38,学校有外国学生吗？ ,我校招收外国留学生。
38,学校有交换生来UIC吗,我校招收外国留学生。
38,学校招外国学生吗？,我校招收外国留学生。
39,学校男女比例如何？,截止至2016年10月，男女比例，女生占总人数67%，男生占33%。
39,UIC男女比例？,截止至2016年10月，男女比例，女生占总人数67%，男生占33%。
39,学校男女比？,截止至2016年10月，男女比例，女生占总人数67%，男生占33%。
80, 宿舍情况怎么样？,UIC倡导全人教育，并贯彻在学生的宿舍生活中，目前，我们把宿舍分为八个苑舍，博雅苑、创雅苑、文雅苑、寰雅苑、卓雅苑、科雅苑、智雅苑、德雅苑。我们邀请来自学部学部的教授担任各个苑舍的舍监，参与苑舍管理；每个栋楼有一位舍堂主任（相当于辅导员），与学生一起住在宿舍，近距离地与学生接触；另外，我们也聘请了高年级的学生担任学生舍堂导师，一起参与到苑舍文化建设中来。目前，已形成传统的苑舍文化传统活动有：苑舍高桌晚宴、苑舍日论坛（大一生和毕业生各一场）、以及为了增强苑舍凝聚力的苑际达人赛。此外，每个苑舍也有举办各具苑舍特色的小型活动，让学生的苑舍生活更加多元化。
80,住宿条件怎么样？,UIC倡导全人教育，并贯彻在学生的宿舍生活中，目前，我们把宿舍分为八个苑舍，博雅苑、创雅苑、文雅苑、寰雅苑、卓雅苑、科雅苑、智雅苑、德雅苑。我们邀请来自学部学部的教授担任各个苑舍的舍监，参与苑舍管理；每个栋楼有一位舍堂主任（相当于辅导员），与学生一起住在宿舍，近距离地与学生接触；另外，我们也聘请了高年级的学生担任学生舍堂导师，一起参与到苑舍文化建设中来。目前，已形成传统的苑舍文化传统活动有：苑舍高桌晚宴、苑舍日论坛（大一生和毕业生各一场）、以及为了增强苑舍凝聚力的苑际达人赛。此外，每个苑舍也有举办各具苑舍特色的小型活动，让学生的苑舍生活更加多元化。
80,宿舍有什么活动？,UIC倡导全人教育，并贯彻在学生的宿舍生活中，目前，我们把宿舍分为八个苑舍，博雅苑、创雅苑、文雅苑、寰雅苑、卓雅苑、科雅苑、智雅苑、德雅苑。我们邀请来自学部学部的教授担任各个苑舍的舍监，参与苑舍管理；每个栋楼有一位舍堂主任（相当于辅导员），与学生一起住在宿舍，近距离地与学生接触；另外，我们也聘请了高年级的学生担任学生舍堂导师，一起参与到苑舍文化建设中来。目前，已形成传统的苑舍文化传统活动有：苑舍高桌晚宴、苑舍日论坛（大一生和毕业生各一场）、以及为了增强苑舍凝聚力的苑际达人赛。此外，每个苑舍也有举办各具苑舍特色的小型活动，让学生的苑舍生活更加多元化。
80,你们的苑舍制度是什么？,UIC倡导全人教育，并贯彻在学生的宿舍生活中，目前，我们把宿舍分为八个苑舍，博雅苑、创雅苑、文雅苑、寰雅苑、卓雅苑、科雅苑、智雅苑、德雅苑。我们邀请来自学部学部的教授担任各个苑舍的舍监，参与苑舍管理；每个栋楼有一位舍堂主任（相当于辅导员），与学生一起住在宿舍，近距离地与学生接触；另外，我们也聘请了高年级的学生担任学生舍堂导师，一起参与到苑舍文化建设中来。目前，已形成传统的苑舍文化传统活动有：苑舍高桌晚宴、苑舍日论坛（大一生和毕业生各一场）、以及为了增强苑舍凝聚力的苑际达人赛。此外，每个苑舍也有举办各具苑舍特色的小型活动，让学生的苑舍生活更加多元化。
81,学校提供哪些辅导及个人成长帮助?,"UIC提供全方位的学生辅导。透过“导师关顾计划”，大一新生因专业分组, 由高年级的学生经培训成为朋辈导师作为桥梁，方便分组专业导师在四年中，在学习和生活上给予学生关怀和指导。学生在学科学习上遇到困难，亦可向相关导师请教。导师们授课后都会留在学校并预留时间对学生的学业进行辅导、与学生讨论专业上的问题。UIC为在校生就学业、情绪、交友或家庭关系等困扰提供全面而专业的心理辅导服务。我们亦开展“学习辅导班”和“一对一学习辅导”活动，由成绩优秀的同学担任朋辈导师，使得双方共同成长、共同进步。此外，学校也提供课余个人成长课程，促进学生身心灵的健康。"
81,学校是否有学业辅导？,"UIC提供全方位的学生辅导。透过“导师关顾计划”，大一新生因专业分组, 由高年级的学生经培训成为朋辈导师作为桥梁，方便分组专业导师在四年中，在学习和生活上给予学生关怀和指导。学生在学科学习上遇到困难，亦可向相关导师请教。导师们授课后都会留在学校并预留时间对学生的学业进行辅导、与学生讨论专业上的问题。UIC为在校生就学业、情绪、交友或家庭关系等困扰提供全面而专业的心理辅导服务。我们亦开展“学习辅导班”和“一对一学习辅导”活动，由成绩优秀的同学担任朋辈导师，使得双方共同成长、共同进步。此外，学校也提供课余个人成长课程，促进学生身心灵的健康。"
81,学业上遇到困难怎么办？,"UIC提供全方位的学生辅导。透过“导师关顾计划”，大一新生因专业分组, 由高年级的学生经培训成为朋辈导师作为桥梁，方便分组专业导师在四年中，在学习和生活上给予学生关怀和指导。学生在学科学习上遇到困难，亦可向相关导师请教。导师们授课后都会留在学校并预留时间对学生的学业进行辅导、与学生讨论专业上的问题。UIC为在校生就学业、情绪、交友或家庭关系等困扰提供全面而专业的心理辅导服务。我们亦开展“学习辅导班”和“一对一学习辅导”活动，由成绩优秀的同学担任朋辈导师，使得双方共同成长、共同进步。此外，学校也提供课余个人成长课程，促进学生身心灵的健康。"
81,学校是否有心理辅导？,"UIC提供全方位的学生辅导。透过“导师关顾计划”，大一新生因专业分组, 由高年级的学生经培训成为朋辈导师作为桥梁，方便分组专业导师在四年中，在学习和生活上给予学生关怀和指导。学生在学科学习上遇到困难，亦可向相关导师请教。导师们授课后都会留在学校并预留时间对学生的学业进行辅导、与学生讨论专业上的问题。UIC为在校生就学业、情绪、交友或家庭关系等困扰提供全面而专业的心理辅导服务。我们亦开展“学习辅导班”和“一对一学习辅导”活动，由成绩优秀的同学担任朋辈导师，使得双方共同成长、共同进步。此外，学校也提供课余个人成长课程，促进学生身心灵的健康。"
81,辅导制度是什么？,"UIC提供全方位的学生辅导。透过“导师关顾计划”，大一新生因专业分组, 由高年级的学生经培训成为朋辈导师作为桥梁，方便分组专业导师在四年中，在学习和生活上给予学生关怀和指导。学生在学科学习上遇到困难，亦可向相关导师请教。导师们授课后都会留在学校并预留时间对学生的学业进行辅导、与学生讨论专业上的问题。UIC为在校生就学业、情绪、交友或家庭关系等困扰提供全面而专业的心理辅导服务。我们亦开展“学习辅导班”和“一对一学习辅导”活动，由成绩优秀的同学担任朋辈导师，使得双方共同成长、共同进步。此外，学校也提供课余个人成长课程，促进学生身心灵的健康。"
82,出国的途径有哪些？,"在UIC出国的途径有许多种：
在UIC学习四年后，拿到香港浸会大学的学士学位证书，可以申请海外大学的研究生课程。
在校期间：在UIC就读后可申请和UIC有合作关系的院校就读交换生，或参加UIC每年组织的暑期课程，包括海外实习、海外义工服务等与国外交流合作的其他活动。
"
82,有什么出国的机会吗？,"在UIC出国的途径有许多种：
在UIC学习四年后，拿到香港浸会大学的学士学位证书，可以申请海外大学的研究生课程。
在校期间：在UIC就读后可申请和UIC有合作关系的院校就读交换生，或参加UIC每年组织的暑期课程，包括海外实习、海外义工服务等与国外交流合作的其他活动。
"
82,有没有交流的机会？,"在UIC出国的途径有许多种：
在UIC学习四年后，拿到香港浸会大学的学士学位证书，可以申请海外大学的研究生课程。
在校期间：在UIC就读后可申请和UIC有合作关系的院校就读交换生，或参加UIC每年组织的暑期课程，包括海外实习、海外义工服务等与国外交流合作的其他活动。
"
82,是否可以出国留学？,"在UIC出国的途径有许多种：
在UIC学习四年后，拿到香港浸会大学的学士学位证书，可以申请海外大学的研究生课程。
在校期间：在UIC就读后可申请和UIC有合作关系的院校就读交换生，或参加UIC每年组织的暑期课程，包括海外实习、海外义工服务等与国外交流合作的其他活动。
"
82,海外交流的机会多吗？,"在UIC出国的途径有许多种：
在UIC学习四年后，拿到香港浸会大学的学士学位证书，可以申请海外大学的研究生课程。
在校期间：在UIC就读后可申请和UIC有合作关系的院校就读交换生，或参加UIC每年组织的暑期课程，包括海外实习、海外义工服务等与国外交流合作的其他活动。
"
83,学校是2+2吗？,我校不是2+2培养模式，学生四年都在珠海学习。但在校期间学生有海外学习机会，UIC学生国际交流学习项目有两种，即海外暑期课程和交换生项目。针对国际学生，UIC还有国际留学生，交换生项目和海外学生短期培训项目。
83,是2年内地2年香港吗？,我校不是2+2培养模式，学生四年都在珠海学习。但在校期间学生有海外学习机会，UIC学生国际交流学习项目有两种，即海外暑期课程和交换生项目。针对国际学生，UIC还有国际留学生，交换生项目和海外学生短期培训项目。
83,学校有2+2培养吗？,我校不是2+2培养模式，学生四年都在珠海学习。但在校期间学生有海外学习机会，UIC学生国际交流学习项目有两种，即海外暑期课程和交换生项目。针对国际学生，UIC还有国际留学生，交换生项目和海外学生短期培训项目。
84,副修课程有哪些？,目前学校共推出五个副修课程，每个副修课程学生最多可修得15个学分，副修课程分别为：音乐、工商管理、财务学、公共关系与广告学以及应用心理学。
84,学校有什么选修吗？,目前学校共推出五个副修课程，每个副修课程学生最多可修得15个学分，副修课程分别为：音乐、工商管理、财务学、公共关系与广告学以及应用心理学。
84,选修课程有哪些？,目前学校共推出五个副修课程，每个副修课程学生最多可修得15个学分，副修课程分别为：音乐、工商管理、财务学、公共关系与广告学以及应用心理学。
84,除了专业课还有什么课程？,目前学校共推出五个副修课程，每个副修课程学生最多可修得15个学分，副修课程分别为：音乐、工商管理、财务学、公共关系与广告学以及应用心理学。
84,可以选修到哪些课程？,目前学校共推出五个副修课程，每个副修课程学生最多可修得15个学分，副修课程分别为：音乐、工商管理、财务学、公共关系与广告学以及应用心理学。
85,在UIC可修读什么小语种？,UIC学生可通过通识教育分类选修课选修日语、韩语、西班牙语、德语或法语五个小语种的基础课程。
85,要修小语种吗？,UIC学生可通过通识教育分类选修课选修日语、韩语、西班牙语、德语或法语五个小语种的基础课程。
85,要学其他语言吗？,UIC学生可通过通识教育分类选修课选修日语、韩语、西班牙语、德语或法语五个小语种的基础课程。
85,可以修小语种吗？,UIC学生可通过通识教育分类选修课选修日语、韩语、西班牙语、德语或法语五个小语种的基础课程。
85,可以学日语、韩语、西班牙语、德语或法语吗？,UIC学生可通过通识教育分类选修课选修日语、韩语、西班牙语、德语或法语五个小语种的基础课程。
86,UIC暑期多久？,UIC学生上半年期末考试在6月初结束，下半年开学注册在9月初，所以UIC暑期大概为期三个月。
86,暑假很长吗？,UIC学生上半年期末考试在6月初结束，下半年开学注册在9月初，所以UIC暑期大概为期三个月。
86,暑假有多长？,UIC学生上半年期末考试在6月初结束，下半年开学注册在9月初，所以UIC暑期大概为期三个月。
86,期末考试在什么时候？,UIC学生上半年期末考试在6月初结束，下半年开学注册在9月初，所以UIC暑期大概为期三个月。
86,暑期时间有多少？,UIC学生上半年期末考试在6月初结束，下半年开学注册在9月初，所以UIC暑期大概为期三个月。
87,什么是暑期课程？,暑期课程是UIC学子在大一至大三的暑假期间的一个短期校外留学项目，一般为期3-5周，项目根据不同国家和院校设计了很多不同专业科目和语言背景的课程。暑期课程分为香港浸会大学暑期课程和海外暑期课程。
87,有暑期课程吗？,暑期课程是UIC学子在大一至大三的暑假期间的一个短期校外留学项目，一般为期3-5周，项目根据不同国家和院校设计了很多不同专业科目和语言背景的课程。暑期课程分为香港浸会大学暑期课程和海外暑期课程。
87,暑期课程有多久？,暑期课程是UIC学子在大一至大三的暑假期间的一个短期校外留学项目，一般为期3-5周，项目根据不同国家和院校设计了很多不同专业科目和语言背景的课程。暑期课程分为香港浸会大学暑期课程和海外暑期课程。
87,有什么暑期课程？,暑期课程是UIC学子在大一至大三的暑假期间的一个短期校外留学项目，一般为期3-5周，项目根据不同国家和院校设计了很多不同专业科目和语言背景的课程。暑期课程分为香港浸会大学暑期课程和海外暑期课程。
87,暑期课程有哪些？,暑期课程是UIC学子在大一至大三的暑假期间的一个短期校外留学项目，一般为期3-5周，项目根据不同国家和院校设计了很多不同专业科目和语言背景的课程。暑期课程分为香港浸会大学暑期课程和海外暑期课程。
88, 海外暑期课程有哪些国家？,2017年UIC海外暑期课程涵盖海外17所学校，主要分布在美国、加拿大、英国、法国、西班牙、新西兰、奥地利、韩国等国家，学生在不同大学学习的主题包括影视制作、明尼苏达的历史和文化、欧美文化、英语学习、韩语学习等。
88,海外暑期课程有什么内容？,2017年UIC海外暑期课程涵盖海外17所学校，主要分布在美国、加拿大、英国、法国、西班牙、新西兰、奥地利、韩国等国家，学生在不同大学学习的主题包括影视制作、明尼苏达的历史和文化、欧美文化、英语学习、韩语学习等。
88,海外暑期课程可以学什么？,2017年UIC海外暑期课程涵盖海外17所学校，主要分布在美国、加拿大、英国、法国、西班牙、新西兰、奥地利、韩国等国家，学生在不同大学学习的主题包括影视制作、明尼苏达的历史和文化、欧美文化、英语学习、韩语学习等。
88,海外暑期有哪些国家可以去？,2017年UIC海外暑期课程涵盖海外17所学校，主要分布在美国、加拿大、英国、法国、西班牙、新西兰、奥地利、韩国等国家，学生在不同大学学习的主题包括影视制作、明尼苏达的历史和文化、欧美文化、英语学习、韩语学习等。
88,海外暑期课程可以去哪里？,2017年UIC海外暑期课程涵盖海外17所学校，主要分布在美国、加拿大、英国、法国、西班牙、新西兰、奥地利、韩国等国家，学生在不同大学学习的主题包括影视制作、明尼苏达的历史和文化、欧美文化、英语学习、韩语学习等。
89,海外暑期课程有哪些学校？,UIC海外暑期课程合作院校包括英国牛津大学、美国康奈尔大学、加拿大英属哥伦比亚大学、西班牙艾赛德商学院等二十多所海外知名高校。
89,海外暑期课程可以去哪些学校？,UIC海外暑期课程合作院校包括英国牛津大学、美国康奈尔大学、加拿大英属哥伦比亚大学、西班牙艾赛德商学院等二十多所海外知名高校。
89,海外暑期课程和哪些学校合作的？,UIC海外暑期课程合作院校包括英国牛津大学、美国康奈尔大学、加拿大英属哥伦比亚大学、西班牙艾赛德商学院等二十多所海外知名高校。
89,海外暑期课程可以去英国牛津大学、美国康奈尔大学、加拿大英属哥伦比亚大学、西班牙艾赛德商学院吗？,UIC海外暑期课程合作院校包括英国牛津大学、美国康奈尔大学、加拿大英属哥伦比亚大学、西班牙艾赛德商学院等二十多所海外知名高校。
89,海外课程有哪些学校可以去？,UIC海外暑期课程合作院校包括英国牛津大学、美国康奈尔大学、加拿大英属哥伦比亚大学、西班牙艾赛德商学院等二十多所海外知名高校。
90,海外暑期课程学习多久？,暑期课程开始和结束时间通常是暑期7至8月（具体视每年情况而定）。
90,海外暑期课程有多久？,暑期课程开始和结束时间通常是暑期7至8月（具体视每年情况而定）。
90,海外暑期课程要多长时间？,暑期课程开始和结束时间通常是暑期7至8月（具体视每年情况而定）。
90,海外暑期课程是什么时候？,暑期课程开始和结束时间通常是暑期7至8月（具体视每年情况而定）。
90,什么时候开始海外暑期课程？,暑期课程开始和结束时间通常是暑期7至8月（具体视每年情况而定）。
91,海外暑期课程费用多少？,预计总费用为15000-50000人民币不等（总费用包括学费、住宿费、往返机票、保险等）。
91,海外暑期课程要多少钱？,预计总费用为15000-50000人民币不等（总费用包括学费、住宿费、往返机票、保险等）。
91,海外暑期课程花费大概是多少？,预计总费用为15000-50000人民币不等（总费用包括学费、住宿费、往返机票、保险等）。
91,海外暑期课程要花多少钱？,预计总费用为15000-50000人民币不等（总费用包括学费、住宿费、往返机票、保险等）。
91,海外暑期课程价格是多少？,预计总费用为15000-50000人民币不等（总费用包括学费、住宿费、往返机票、保险等）。
92,海外暑期课程有学分吗？可以转学分吗？,部分海外暑期课程有学分，部分暑期课程可以转学分（具体查看学校相关转学分条例）。
92,海外暑期课程学分怎么样？,部分海外暑期课程有学分，部分暑期课程可以转学分（具体查看学校相关转学分条例）。
92,海外暑期课程是否能转学分？,部分海外暑期课程有学分，部分暑期课程可以转学分（具体查看学校相关转学分条例）。
92,海外暑期课程可以得到学分吗？,部分海外暑期课程有学分，部分暑期课程可以转学分（具体查看学校相关转学分条例）。
92,海外暑期课程的学分大概怎么样？,部分海外暑期课程有学分，部分暑期课程可以转学分（具体查看学校相关转学分条例）。
93,暑期课程是必须参加的吗？,暑期课程为学生自愿申请参加，2016年约有700人参加海外或香港的暑期课程。
93,一定要参加暑期课程吗？,暑期课程为学生自愿申请参加，2016年约有700人参加海外或香港的暑期课程。
93,参加暑期课程的人多吗？,暑期课程为学生自愿申请参加，2016年约有700人参加海外或香港的暑期课程。
93,暑期课程是自愿参加的吗？,暑期课程为学生自愿申请参加，2016年约有700人参加海外或香港的暑期课程。
93,暑期课程参与度怎么样？,暑期课程为学生自愿申请参加，2016年约有700人参加海外或香港的暑期课程。
94,在UIC暑假，学生只是去修暑期课程吗？,除了暑期课程，学生还可选择参加UIC全人教育暑期实践活动、中国语言文化中心台湾游学营、香港浸会大学“大都会体验计划”（海外实习）等。UIC全人教育办公室与国内外各类机构（如户外体育运动协会，非政府组织、慈善公益组织、自然保护管理区、学校等）合作共同组织并开展体验全人教育模块特色的体验式学习活动，为学生提供丰富多彩的寒暑期项目。每个项目一般持续2-3个星期，传统项目有：柬埔寨，泰国等暑期义工服务项目，上海真爱梦想教练计划，中国西北部沙漠草原环境之行，台湾潜水&海洋文化游、瑞士户外体育探险夏令营等。
94,暑假怎么安排？,除了暑期课程，学生还可选择参加UIC全人教育暑期实践活动、中国语言文化中心台湾游学营、香港浸会大学“大都会体验计划”（海外实习）等。UIC全人教育办公室与国内外各类机构（如户外体育运动协会，非政府组织、慈善公益组织、自然保护管理区、学校等）合作共同组织并开展体验全人教育模块特色的体验式学习活动，为学生提供丰富多彩的寒暑期项目。每个项目一般持续2-3个星期，传统项目有：柬埔寨，泰国等暑期义工服务项目，上海真爱梦想教练计划，中国西北部沙漠草原环境之行，台湾潜水&海洋文化游、瑞士户外体育探险夏令营等。
94,暑假有哪些活动？,除了暑期课程，学生还可选择参加UIC全人教育暑期实践活动、中国语言文化中心台湾游学营、香港浸会大学“大都会体验计划”（海外实习）等。UIC全人教育办公室与国内外各类机构（如户外体育运动协会，非政府组织、慈善公益组织、自然保护管理区、学校等）合作共同组织并开展体验全人教育模块特色的体验式学习活动，为学生提供丰富多彩的寒暑期项目。每个项目一般持续2-3个星期，传统项目有：柬埔寨，泰国等暑期义工服务项目，上海真爱梦想教练计划，中国西北部沙漠草原环境之行，台湾潜水&海洋文化游、瑞士户外体育探险夏令营等。
94,除了暑期课程还有什么选择？,除了暑期课程，学生还可选择参加UIC全人教育暑期实践活动、中国语言文化中心台湾游学营、香港浸会大学“大都会体验计划”（海外实习）等。UIC全人教育办公室与国内外各类机构（如户外体育运动协会，非政府组织、慈善公益组织、自然保护管理区、学校等）合作共同组织并开展体验全人教育模块特色的体验式学习活动，为学生提供丰富多彩的寒暑期项目。每个项目一般持续2-3个星期，传统项目有：柬埔寨，泰国等暑期义工服务项目，上海真爱梦想教练计划，中国西北部沙漠草原环境之行，台湾潜水&海洋文化游、瑞士户外体育探险夏令营等。
94,暑期有实践活动吗？,除了暑期课程，学生还可选择参加UIC全人教育暑期实践活动、中国语言文化中心台湾游学营、香港浸会大学“大都会体验计划”（海外实习）等。UIC全人教育办公室与国内外各类机构（如户外体育运动协会，非政府组织、慈善公益组织、自然保护管理区、学校等）合作共同组织并开展体验全人教育模块特色的体验式学习活动，为学生提供丰富多彩的寒暑期项目。每个项目一般持续2-3个星期，传统项目有：柬埔寨，泰国等暑期义工服务项目，上海真爱梦想教练计划，中国西北部沙漠草原环境之行，台湾潜水&海洋文化游、瑞士户外体育探险夏令营等。
95,交换生项目有哪些国家、学校？,2017年秋季交换生项目中，UIC与23所海外院校合作交换，其中美国8所，英国4所，韩国3所，法国2所，日本2所，加拿大1所，德国1所，泰国1所，马来西亚1所。
95,交换生项目有哪些？,2017年秋季交换生项目中，UIC与23所海外院校合作交换，其中美国8所，英国4所，韩国3所，法国2所，日本2所，加拿大1所，德国1所，泰国1所，马来西亚1所。
95,交换生可以去哪里？,2017年秋季交换生项目中，UIC与23所海外院校合作交换，其中美国8所，英国4所，韩国3所，法国2所，日本2所，加拿大1所，德国1所，泰国1所，马来西亚1所。
95,交换生有哪些选择？,2017年秋季交换生项目中，UIC与23所海外院校合作交换，其中美国8所，英国4所，韩国3所，法国2所，日本2所，加拿大1所，德国1所，泰国1所，马来西亚1所。
95,交换生可以去哪里学习？,2017年秋季交换生项目中，UIC与23所海外院校合作交换，其中美国8所，英国4所，韩国3所，法国2所，日本2所，加拿大1所，德国1所，泰国1所，马来西亚1所。
96,大几可申请交换生？,大二、大三的在校生可以申请交换生。
96,几年级可以申请交换生？,大二、大三的在校生可以申请交换生。
96,什么时候可以去交换？,大二、大三的在校生可以申请交换生。
96,大几可以参加交换生计划？,大二、大三的在校生可以申请交换生。
96,大一可以申请交换生吗？,大二、大三的在校生可以申请交换生。
97,申请交换生什么条件？,候选人的选拔标准是IELTS 6.0或TOFEL79 和 cGPA 2.5。国际发展处将根据此标准、合作院校的名额限制、课外活动的参加情况和学生适应性来挑选合格的学生后送交院长和教务处审批。相关专业系主任或其代表会被邀请参与面试。被选中的学生可以去合作交换学习一个学期。
97,交换生有什么要求？,候选人的选拔标准是IELTS 6.0或TOFEL79 和 cGPA 2.5。国际发展处将根据此标准、合作院校的名额限制、课外活动的参加情况和学生适应性来挑选合格的学生后送交院长和教务处审批。相关专业系主任或其代表会被邀请参与面试。被选中的学生可以去合作交换学习一个学期。
97,交换生应该满足那些条件？,候选人的选拔标准是IELTS 6.0或TOFEL79 和 cGPA 2.5。国际发展处将根据此标准、合作院校的名额限制、课外活动的参加情况和学生适应性来挑选合格的学生后送交院长和教务处审批。相关专业系主任或其代表会被邀请参与面试。被选中的学生可以去合作交换学习一个学期。
97,交换生的要求有哪些？,候选人的选拔标准是IELTS 6.0或TOFEL79 和 cGPA 2.5。国际发展处将根据此标准、合作院校的名额限制、课外活动的参加情况和学生适应性来挑选合格的学生后送交院长和教务处审批。相关专业系主任或其代表会被邀请参与面试。被选中的学生可以去合作交换学习一个学期。
97,怎样申请交换生？,候选人的选拔标准是IELTS 6.0或TOFEL79 和 cGPA 2.5。国际发展处将根据此标准、合作院校的名额限制、课外活动的参加情况和学生适应性来挑选合格的学生后送交院长和教务处审批。相关专业系主任或其代表会被邀请参与面试。被选中的学生可以去合作交换学习一个学期。
98,交换生可以出去学习多久？,经过选拔，UIC学生可以前往与UIC签署国际交换生合约的海外合作院校，作为交换生学习一个学期。
98,交换生学习时间有多长？,经过选拔，UIC学生可以前往与UIC签署国际交换生合约的海外合作院校，作为交换生学习一个学期。
98,交换生的学期有多长？,经过选拔，UIC学生可以前往与UIC签署国际交换生合约的海外合作院校，作为交换生学习一个学期。
98,交换生可以去多久？,经过选拔，UIC学生可以前往与UIC签署国际交换生合约的海外合作院校，作为交换生学习一个学期。
98,交换生可以交换多久？,经过选拔，UIC学生可以前往与UIC签署国际交换生合约的海外合作院校，作为交换生学习一个学期。
99,交换生的费用？,期间学生按UIC学费标准向UIC支付学费，无需支付海外院校的学费。
99,交换生要花多少钱？,期间学生按UIC学费标准向UIC支付学费，无需支付海外院校的学费。
99,交换生的花费是多少？,期间学生按UIC学费标准向UIC支付学费，无需支付海外院校的学费。
99,交换生的学费是多少？,期间学生按UIC学费标准向UIC支付学费，无需支付海外院校的学费。
99,交换生的价格是多少？,期间学生按UIC学费标准向UIC支付学费，无需支付海外院校的学费。
100,为什么要申请交换生？,通过交换学习可以让同学们开拓国际视野，增长见识，拓宽人脉，零距离感受不同国家文化的同时，为将来升读世界名校做准备。
100,交换生有什么意义？,通过交换学习可以让同学们开拓国际视野，增长见识，拓宽人脉，零距离感受不同国家文化的同时，为将来升读世界名校做准备。
100,交换生能得到什么？,通过交换学习可以让同学们开拓国际视野，增长见识，拓宽人脉，零距离感受不同国家文化的同时，为将来升读世界名校做准备。
100,交换生可以收获什么？,通过交换学习可以让同学们开拓国际视野，增长见识，拓宽人脉，零距离感受不同国家文化的同时，为将来升读世界名校做准备。
100,交换生是什么体验？,通过交换学习可以让同学们开拓国际视野，增长见识，拓宽人脉，零距离感受不同国家文化的同时，为将来升读世界名校做准备。
101,交换生的名额？,2017年秋季交换生共有61个名额，申请成功的学生将分别前往美国康克迪亚大学、加拿大圣玛丽大学、英国肯特大学、韩国首尔大学等十多所海外高校进行交换。
101,交换生的人数多吗？,2017年秋季交换生共有61个名额，申请成功的学生将分别前往美国康克迪亚大学、加拿大圣玛丽大学、英国肯特大学、韩国首尔大学等十多所海外高校进行交换。
101,交换生有多少人？,2017年秋季交换生共有61个名额，申请成功的学生将分别前往美国康克迪亚大学、加拿大圣玛丽大学、英国肯特大学、韩国首尔大学等十多所海外高校进行交换。
101,有多少人可以成为交换生？,2017年秋季交换生共有61个名额，申请成功的学生将分别前往美国康克迪亚大学、加拿大圣玛丽大学、英国肯特大学、韩国首尔大学等十多所海外高校进行交换。
101,每年有多少个交换生？,2017年秋季交换生共有61个名额，申请成功的学生将分别前往美国康克迪亚大学、加拿大圣玛丽大学、英国肯特大学、韩国首尔大学等十多所海外高校进行交换。
102,UIC管理严格吗？,UIC对在校生有严格的管理制度，学校《学士学位课程条例》对学生设有出勤、学术处分、毕业要求等规定。
102,管理制度怎么样？,UIC对在校生有严格的管理制度，学校《学士学位课程条例》对学生设有出勤、学术处分、毕业要求等规定。
102,学校的处罚制度怎么样？,UIC对在校生有严格的管理制度，学校《学士学位课程条例》对学生设有出勤、学术处分、毕业要求等规定。
102,学校是否严格？,UIC对在校生有严格的管理制度，学校《学士学位课程条例》对学生设有出勤、学术处分、毕业要求等规定。
102,学校的规定是否严格？,UIC对在校生有严格的管理制度，学校《学士学位课程条例》对学生设有出勤、学术处分、毕业要求等规定。
103,出勤率规定？,"对于已注册的课程，学生须按课程安排准时上课。如果学生由于自身不能控制的原因而缺勤并且希望证明情况真实以取得补偿机会（例如补交论文、作业等），须在缺勤后的五个工作日内向任课老师提交一份书面说明连同相关证明文件以供审批。
对于已注册的课程，如果学生
a) 未经批准缺勤超过15%，或
b) 出勤率低于70%（包括已获批准和未获批准的缺勤），
则任课老师可对其作出适当的处罚（例如：不允许该生参加该课程的期末考试）。
学生上课迟到超过十五分钟，可视为缺勤。请假必须获得教务长或副教务长明确书面批准方才有效。"
103,上课签到的规定？,"对于已注册的课程，学生须按课程安排准时上课。如果学生由于自身不能控制的原因而缺勤并且希望证明情况真实以取得补偿机会（例如补交论文、作业等），须在缺勤后的五个工作日内向任课老师提交一份书面说明连同相关证明文件以供审批。
对于已注册的课程，如果学生
a) 未经批准缺勤超过15%，或
b) 出勤率低于70%（包括已获批准和未获批准的缺勤），
则任课老师可对其作出适当的处罚（例如：不允许该生参加该课程的期末考试）。
学生上课迟到超过十五分钟，可视为缺勤。请假必须获得教务长或副教务长明确书面批准方才有效。"
103,出勤率的处罚规则？,"对于已注册的课程，学生须按课程安排准时上课。如果学生由于自身不能控制的原因而缺勤并且希望证明情况真实以取得补偿机会（例如补交论文、作业等），须在缺勤后的五个工作日内向任课老师提交一份书面说明连同相关证明文件以供审批。
对于已注册的课程，如果学生
a) 未经批准缺勤超过15%，或
b) 出勤率低于70%（包括已获批准和未获批准的缺勤），
则任课老师可对其作出适当的处罚（例如：不允许该生参加该课程的期末考试）。
学生上课迟到超过十五分钟，可视为缺勤。请假必须获得教务长或副教务长明确书面批准方才有效。"
103,出勤有什么要求吗？,"对于已注册的课程，学生须按课程安排准时上课。如果学生由于自身不能控制的原因而缺勤并且希望证明情况真实以取得补偿机会（例如补交论文、作业等），须在缺勤后的五个工作日内向任课老师提交一份书面说明连同相关证明文件以供审批。
对于已注册的课程，如果学生
a) 未经批准缺勤超过15%，或
b) 出勤率低于70%（包括已获批准和未获批准的缺勤），
则任课老师可对其作出适当的处罚（例如：不允许该生参加该课程的期末考试）。
学生上课迟到超过十五分钟，可视为缺勤。请假必须获得教务长或副教务长明确书面批准方才有效。"
103,学校对学生上课出勤有要求吗？,"对于已注册的课程，学生须按课程安排准时上课。如果学生由于自身不能控制的原因而缺勤并且希望证明情况真实以取得补偿机会（例如补交论文、作业等），须在缺勤后的五个工作日内向任课老师提交一份书面说明连同相关证明文件以供审批。
对于已注册的课程，如果学生
a) 未经批准缺勤超过15%，或
b) 出勤率低于70%（包括已获批准和未获批准的缺勤），
则任课老师可对其作出适当的处罚（例如：不允许该生参加该课程的期末考试）。
学生上课迟到超过十五分钟，可视为缺勤。请假必须获得教务长或副教务长明确书面批准方才有效。"
104,学生会被退学吗？,"我校有一些严格的学术规定，学术处分适用于所有本科生
a) 学术警告：适用于某一学期平均绩点（GPA）在1.67-1.99之间的学生；
b) 留校察看：适用于某一学期的平均绩点（GPA）在1.67以下的学生；
c) 勒令退学：如学生连续两学期的平均绩点（GPA）低于1.67或其他学术原因，由教务议会（Senate）作出决定。"
104,学校的学术规定？,"我校有一些严格的学术规定，学术处分适用于所有本科生
a) 学术警告：适用于某一学期平均绩点（GPA）在1.67-1.99之间的学生；
b) 留校察看：适用于某一学期的平均绩点（GPA）在1.67以下的学生；
c) 勒令退学：如学生连续两学期的平均绩点（GPA）低于1.67或其他学术原因，由教务议会（Senate）作出决定。"
104,对于绩点的处罚是什么样的？,"我校有一些严格的学术规定，学术处分适用于所有本科生
a) 学术警告：适用于某一学期平均绩点（GPA）在1.67-1.99之间的学生；
b) 留校察看：适用于某一学期的平均绩点（GPA）在1.67以下的学生；
c) 勒令退学：如学生连续两学期的平均绩点（GPA）低于1.67或其他学术原因，由教务议会（Senate）作出决定。"
104,学校对GPA的要求？,"我校有一些严格的学术规定，学术处分适用于所有本科生
a) 学术警告：适用于某一学期平均绩点（GPA）在1.67-1.99之间的学生；
b) 留校察看：适用于某一学期的平均绩点（GPA）在1.67以下的学生；
c) 勒令退学：如学生连续两学期的平均绩点（GPA）低于1.67或其他学术原因，由教务议会（Senate）作出决定。"
104,学校对GPA的处罚有哪些？,"我校有一些严格的学术规定，学术处分适用于所有本科生
a) 学术警告：适用于某一学期平均绩点（GPA）在1.67-1.99之间的学生；
b) 留校察看：适用于某一学期的平均绩点（GPA）在1.67以下的学生；
c) 勒令退学：如学生连续两学期的平均绩点（GPA）低于1.67或其他学术原因，由教务议会（Senate）作出决定。"
105,GPA是怎么计算的？,平均绩点（GPA）是体现学生学术表现的重要指标，是学生获得的所有绩点总和除以所有应获学分总和所得的结果。
105,GPA是什么？,平均绩点（GPA）是体现学生学术表现的重要指标，是学生获得的所有绩点总和除以所有应获学分总和所得的结果。
105,怎么算GPA？,平均绩点（GPA）是体现学生学术表现的重要指标，是学生获得的所有绩点总和除以所有应获学分总和所得的结果。
105,绩点怎么计算？,平均绩点（GPA）是体现学生学术表现的重要指标，是学生获得的所有绩点总和除以所有应获学分总和所得的结果。
105,绩点是什么？,平均绩点（GPA）是体现学生学术表现的重要指标，是学生获得的所有绩点总和除以所有应获学分总和所得的结果。
106,UIC评分体系？,课程评分以字母等级表示，学生在一门具体课程中获得的绩点与其字母等级相对应。具体可登录UIC教务处网站了解。
106,学校怎么评分的？,课程评分以字母等级表示，学生在一门具体课程中获得的绩点与其字母等级相对应。具体可登录UIC教务处网站了解。
106,课程怎么评分？,课程评分以字母等级表示，学生在一门具体课程中获得的绩点与其字母等级相对应。具体可登录UIC教务处网站了解。
106,课程的成绩是怎样的？,课程评分以字母等级表示，学生在一门具体课程中获得的绩点与其字母等级相对应。具体可登录UIC教务处网站了解。
106,怎样评分？,课程评分以字母等级表示，学生在一门具体课程中获得的绩点与其字母等级相对应。具体可登录UIC教务处网站了解。
107,毕业证书学分要求？,一般情况下，学生需完成132个学分的课程体系，其中包括60学分的专业必修、选修课，24学分的自由选修课，44学分的通识教育必修课和通识教育分类选修课，以及4学分全人教育体验学习课程。
107,毕业的要求？,一般情况下，学生需完成132个学分的课程体系，其中包括60学分的专业必修、选修课，24学分的自由选修课，44学分的通识教育必修课和通识教育分类选修课，以及4学分全人教育体验学习课程。
107,毕业的学分有什么要求？,一般情况下，学生需完成132个学分的课程体系，其中包括60学分的专业必修、选修课，24学分的自由选修课，44学分的通识教育必修课和通识教育分类选修课，以及4学分全人教育体验学习课程。
107,毕业要拿到多少学分？,一般情况下，学生需完成132个学分的课程体系，其中包括60学分的专业必修、选修课，24学分的自由选修课，44学分的通识教育必修课和通识教育分类选修课，以及4学分全人教育体验学习课程。
107,毕业证书要满足什么条件？,一般情况下，学生需完成132个学分的课程体系，其中包括60学分的专业必修、选修课，24学分的自由选修课，44学分的通识教育必修课和通识教育分类选修课，以及4学分全人教育体验学习课程。
108,学位证书成绩要求？,"除了学校要求和专业要求以外，学生必须满足如下要求才能获得学士学位：
a) 在学校就读至少四年或者按照该专业要求被认定为全日制学生（对于获准跳级的学生，就读期限会相应减少）；
b) 获得了该专业要求的所有学分，达到所有的学校要求和专业要求（对于获准跳级的学生，可以接受部分的转移学分来满足专业要求）；
c) 修读的所有课程获得的累计平均绩点（cGPA）至少达到2.00，并且通过了该专业所规定的全部课程。"
108,学位证书的成绩要达到多少？,"除了学校要求和专业要求以外，学生必须满足如下要求才能获得学士学位：
a) 在学校就读至少四年或者按照该专业要求被认定为全日制学生（对于获准跳级的学生，就读期限会相应减少）；
b) 获得了该专业要求的所有学分，达到所有的学校要求和专业要求（对于获准跳级的学生，可以接受部分的转移学分来满足专业要求）；
c) 修读的所有课程获得的累计平均绩点（cGPA）至少达到2.00，并且通过了该专业所规定的全部课程。"
108,学士学位要拿到多少分？,"除了学校要求和专业要求以外，学生必须满足如下要求才能获得学士学位：
a) 在学校就读至少四年或者按照该专业要求被认定为全日制学生（对于获准跳级的学生，就读期限会相应减少）；
b) 获得了该专业要求的所有学分，达到所有的学校要求和专业要求（对于获准跳级的学生，可以接受部分的转移学分来满足专业要求）；
c) 修读的所有课程获得的累计平均绩点（cGPA）至少达到2.00，并且通过了该专业所规定的全部课程。"
108,学位证书有什么要求？,"除了学校要求和专业要求以外，学生必须满足如下要求才能获得学士学位：
a) 在学校就读至少四年或者按照该专业要求被认定为全日制学生（对于获准跳级的学生，就读期限会相应减少）；
b) 获得了该专业要求的所有学分，达到所有的学校要求和专业要求（对于获准跳级的学生，可以接受部分的转移学分来满足专业要求）；
c) 修读的所有课程获得的累计平均绩点（cGPA）至少达到2.00，并且通过了该专业所规定的全部课程。"
108,学位证书要满足什么条件？,"除了学校要求和专业要求以外，学生必须满足如下要求才能获得学士学位：
a) 在学校就读至少四年或者按照该专业要求被认定为全日制学生（对于获准跳级的学生，就读期限会相应减少）；
b) 获得了该专业要求的所有学分，达到所有的学校要求和专业要求（对于获准跳级的学生，可以接受部分的转移学分来满足专业要求）；
c) 修读的所有课程获得的累计平均绩点（cGPA）至少达到2.00，并且通过了该专业所规定的全部课程。"
109,学位证书等级分类？,各等级的划分以累计平均绩点（cGPA）为基础：累计平均绩点3.40-4.00获得甲等荣誉学位，3.00-3.39乙等一级荣誉学位，2.50-2.99乙等二级荣誉学位，2.20-2.49丙等荣誉学位，2.00-2.19及格。
109,学位等级怎么划分？,各等级的划分以累计平均绩点（cGPA）为基础：累计平均绩点3.40-4.00获得甲等荣誉学位，3.00-3.39乙等一级荣誉学位，2.50-2.99乙等二级荣誉学位，2.20-2.49丙等荣誉学位，2.00-2.19及格。
109,学位的等级怎么样？,各等级的划分以累计平均绩点（cGPA）为基础：累计平均绩点3.40-4.00获得甲等荣誉学位，3.00-3.39乙等一级荣誉学位，2.50-2.99乙等二级荣誉学位，2.20-2.49丙等荣誉学位，2.00-2.19及格。
109,学位证书有哪些？,各等级的划分以累计平均绩点（cGPA）为基础：累计平均绩点3.40-4.00获得甲等荣誉学位，3.00-3.39乙等一级荣誉学位，2.50-2.99乙等二级荣誉学位，2.20-2.49丙等荣誉学位，2.00-2.19及格。
109,学位证书的等级？,各等级的划分以累计平均绩点（cGPA）为基础：累计平均绩点3.40-4.00获得甲等荣誉学位，3.00-3.39乙等一级荣誉学位，2.50-2.99乙等二级荣誉学位，2.20-2.49丙等荣誉学位，2.00-2.19及格。
110,会计学专业的专业认证是指什么？,"会计学专业认证：是指UIC会计学专业得到香港会计师公会和澳洲会计师公会的认证，从而UIC会计学专业学生可以考取香港和澳洲注册会计师专业资格。
此外，学校设有专业会计转制课程，UIC非会计学专业的学生，可以通过转制课程考取香港会计师公会注册会计师专业资格。"
110,会计学专业认证是什么？,"会计学专业认证：是指UIC会计学专业得到香港会计师公会和澳洲会计师公会的认证，从而UIC会计学专业学生可以考取香港和澳洲注册会计师专业资格。
此外，学校设有专业会计转制课程，UIC非会计学专业的学生，可以通过转制课程考取香港会计师公会注册会计师专业资格。"
110,会计学认证怎么拿到？,"会计学专业认证：是指UIC会计学专业得到香港会计师公会和澳洲会计师公会的认证，从而UIC会计学专业学生可以考取香港和澳洲注册会计师专业资格。
此外，学校设有专业会计转制课程，UIC非会计学专业的学生，可以通过转制课程考取香港会计师公会注册会计师专业资格。"
110,有没有会计学专业认证？,"会计学专业认证：是指UIC会计学专业得到香港会计师公会和澳洲会计师公会的认证，从而UIC会计学专业学生可以考取香港和澳洲注册会计师专业资格。
此外，学校设有专业会计转制课程，UIC非会计学专业的学生，可以通过转制课程考取香港会计师公会注册会计师专业资格。"
110,会计学专业认证的条件？,"会计学专业认证：是指UIC会计学专业得到香港会计师公会和澳洲会计师公会的认证，从而UIC会计学专业学生可以考取香港和澳洲注册会计师专业资格。
此外，学校设有专业会计转制课程，UIC非会计学专业的学生，可以通过转制课程考取香港会计师公会注册会计师专业资格。"
111, UIC的课程结构和国内的大学有差别吗？,"UIC的专业课程按照香港浸会大学的学术标准设置，完整地引入了香港浸会大学教学品质保障体系。
UIC博雅教育课程设置分为以下几个类别：除了专业必修课、专业选修课，还有通识教育核心课、通识教育分类选修课、全人教育体验学习课程，以及自由选修课。这与我校是博雅大学的性质相吻合，注重培养全面发展、博雅通达的人才。"
111,课程和其他大学有什么不同？,"UIC的专业课程按照香港浸会大学的学术标准设置，完整地引入了香港浸会大学教学品质保障体系。
UIC博雅教育课程设置分为以下几个类别：除了专业必修课、专业选修课，还有通识教育核心课、通识教育分类选修课、全人教育体验学习课程，以及自由选修课。这与我校是博雅大学的性质相吻合，注重培养全面发展、博雅通达的人才。"
111,课程有什么特别？,"UIC的专业课程按照香港浸会大学的学术标准设置，完整地引入了香港浸会大学教学品质保障体系。
UIC博雅教育课程设置分为以下几个类别：除了专业必修课、专业选修课，还有通识教育核心课、通识教育分类选修课、全人教育体验学习课程，以及自由选修课。这与我校是博雅大学的性质相吻合，注重培养全面发展、博雅通达的人才。"
111,有什么特别的课程结构？,"UIC的专业课程按照香港浸会大学的学术标准设置，完整地引入了香港浸会大学教学品质保障体系。
UIC博雅教育课程设置分为以下几个类别：除了专业必修课、专业选修课，还有通识教育核心课、通识教育分类选修课、全人教育体验学习课程，以及自由选修课。这与我校是博雅大学的性质相吻合，注重培养全面发展、博雅通达的人才。"
111,课程结构怎么样？,"UIC的专业课程按照香港浸会大学的学术标准设置，完整地引入了香港浸会大学教学品质保障体系。
UIC博雅教育课程设置分为以下几个类别：除了专业必修课、专业选修课，还有通识教育核心课、通识教育分类选修课、全人教育体验学习课程，以及自由选修课。这与我校是博雅大学的性质相吻合，注重培养全面发展、博雅通达的人才。"
112,同学在校期间可以去香港浸会大学吗？,我校有开设香港浸会大学暑期课程，2016年7月，400名UIC同学修读香港浸会大学暑期课程。
112,会到本部学习吗？,我校有开设香港浸会大学暑期课程，2016年7月，400名UIC同学修读香港浸会大学暑期课程。
112,有机会去浸会吗？,我校有开设香港浸会大学暑期课程，2016年7月，400名UIC同学修读香港浸会大学暑期课程。
112,可以去本部学习吗？,我校有开设香港浸会大学暑期课程，2016年7月，400名UIC同学修读香港浸会大学暑期课程。
112,有没有机会去本部学习？,我校有开设香港浸会大学暑期课程，2016年7月，400名UIC同学修读香港浸会大学暑期课程。
113,大几可参加HKBU暑期课程？,HKBU暑期课程面向学校全体学生。
113,什么时候可以参加浸会暑期课程？,HKBU暑期课程面向学校全体学生。
113,大几可以去本部的暑期课程？,HKBU暑期课程面向学校全体学生。
113,参加浸会暑期课程的条件？,HKBU暑期课程面向学校全体学生。
113,都可以参加本部暑期课程吗？,HKBU暑期课程面向学校全体学生。
114,香港浸会大学暑期课程报名绩点要求？,"(1)2013至2016级学生: 2016-2017学年第一学期的sGPA不低于1.67， 且cGPA不低于2.00；
(2)2012级及以前学生: 2016-2017学年第一学期的sGPA不低于1.70，sGPA不低于2.00。"
114,本部暑期课程的绩点要求？,"(1)2013至2016级学生: 2016-2017学年第一学期的sGPA不低于1.67， 且cGPA不低于2.00；
(2)2012级及以前学生: 2016-2017学年第一学期的sGPA不低于1.70，sGPA不低于2.00。"
114,去本部暑期课程的学分条件？,"(1)2013至2016级学生: 2016-2017学年第一学期的sGPA不低于1.67， 且cGPA不低于2.00；
(2)2012级及以前学生: 2016-2017学年第一学期的sGPA不低于1.70，sGPA不低于2.00。"
114,去浸会暑期课程的学分条件？,"(1)2013至2016级学生: 2016-2017学年第一学期的sGPA不低于1.67， 且cGPA不低于2.00；
(2)2012级及以前学生: 2016-2017学年第一学期的sGPA不低于1.70，sGPA不低于2.00。"
114,去浸会大学的GPA要求？,"(1)2013至2016级学生: 2016-2017学年第一学期的sGPA不低于1.67， 且cGPA不低于2.00；
(2)2012级及以前学生: 2016-2017学年第一学期的sGPA不低于1.70，sGPA不低于2.00。"
115,香港浸会大学暑期课程费用大概多少？,"读一门课程的费用为人民币 13,800元 ；选读两门课程的费用为人民币 19,500元 。费用均包括学费、住宿费、入境许可证申请费、课外活动费用和交通费等。"
115,本部的暑期课程多少钱？,"读一门课程的费用为人民币 13,800元 ；选读两门课程的费用为人民币 19,500元 。费用均包括学费、住宿费、入境许可证申请费、课外活动费用和交通费等。"
115,浸会的暑期课程花费是多少？,"读一门课程的费用为人民币 13,800元 ；选读两门课程的费用为人民币 19,500元 。费用均包括学费、住宿费、入境许可证申请费、课外活动费用和交通费等。"
115,本部的暑期课程价格怎么样？,"读一门课程的费用为人民币 13,800元 ；选读两门课程的费用为人民币 19,500元 。费用均包括学费、住宿费、入境许可证申请费、课外活动费用和交通费等。"
115,浸会的暑期课程要花多少钱？,"读一门课程的费用为人民币 13,800元 ；选读两门课程的费用为人民币 19,500元 。费用均包括学费、住宿费、入境许可证申请费、课外活动费用和交通费等。"
116,香港浸会大学暑期课程学习多久？,学习时间： 2017年7月3日至8月2日
116,本部的暑期课程时间多长？,学习时间： 2017年7月3日至8月2日
116,浸会的暑期课程在什么时候？,学习时间： 2017年7月3日至8月2日
116,浸会的暑期课程从什么时候到什么时候？,学习时间： 2017年7月3日至8月2日
117,香港浸会大学暑期课程学分可转吗？,所有课程均为3学分。对于不等同于本校课程的、或成绩低于学校成绩评估系统C的课程，学校有权拒绝批准转学分。成功转入的学分将与该生在UIC所读的课程一起计入cGPA。
117,本部暑期课程学分可以转吗？,所有课程均为3学分。对于不等同于本校课程的、或成绩低于学校成绩评估系统C的课程，学校有权拒绝批准转学分。成功转入的学分将与该生在UIC所读的课程一起计入cGPA。
118,学生申请香港浸会大学研究生有优势吗？,UIC学生申请香港的大学读研，一般同等条件下会有更多优势，例如课程接轨、语言优势等。同时，HKBU作为母校，对UIC毕业生认可度高，所以申请母校研究生相对容易。我校截至2017年2月，UIC已培养八届约7000名毕业生，据不完全统计，其中1244人进入香港的高校深造，其中714人进入香港浸会大学攻读研究生。
118,申请本部研究生有什么优势？,UIC学生申请香港的大学读研，一般同等条件下会有更多优势，例如课程接轨、语言优势等。同时，HKBU作为母校，对UIC毕业生认可度高，所以申请母校研究生相对容易。我校截至2017年2月，UIC已培养八届约7000名毕业生，据不完全统计，其中1244人进入香港的高校深造，其中714人进入香港浸会大学攻读研究生。
118,可以申请浸会研究生吗？,UIC学生申请香港的大学读研，一般同等条件下会有更多优势，例如课程接轨、语言优势等。同时，HKBU作为母校，对UIC毕业生认可度高，所以申请母校研究生相对容易。我校截至2017年2月，UIC已培养八届约7000名毕业生，据不完全统计，其中1244人进入香港的高校深造，其中714人进入香港浸会大学攻读研究生。
118,浸会研究生？,UIC学生申请香港的大学读研，一般同等条件下会有更多优势，例如课程接轨、语言优势等。同时，HKBU作为母校，对UIC毕业生认可度高，所以申请母校研究生相对容易。我校截至2017年2月，UIC已培养八届约7000名毕业生，据不完全统计，其中1244人进入香港的高校深造，其中714人进入香港浸会大学攻读研究生。
118,本部读研？,UIC学生申请香港的大学读研，一般同等条件下会有更多优势，例如课程接轨、语言优势等。同时，HKBU作为母校，对UIC毕业生认可度高，所以申请母校研究生相对容易。我校截至2017年2月，UIC已培养八届约7000名毕业生，据不完全统计，其中1244人进入香港的高校深造，其中714人进入香港浸会大学攻读研究生。
119,毕业生去海外读研的多吗？,"截至2017年2月底，UIC已培养八届约7,000名本科毕业生，遍布世界各地。UIC毕业生约半数前往欧美、澳洲、亚洲等多个国家及地区深造，其中超过一半毕业生进入全球前100强高校和香港八大公立高校继续深造，攻读硕士学位。如英国的牛津大学、剑桥大学、伦敦大学学院、华威大学；美国的康奈尔大学、哥伦比亚大学、纽约大学、约翰霍普金斯学院；澳大利亚的悉尼大学、墨尔本大学、新南威尔士大学；加拿大的多伦多大学；香港大学、香港中文大学、香港科技大学、香港浸会大学等。"
119,毕业生去向？,"截至2017年2月底，UIC已培养八届约7,000名本科毕业生，遍布世界各地。UIC毕业生约半数前往欧美、澳洲、亚洲等多个国家及地区深造，其中超过一半毕业生进入全球前100强高校和香港八大公立高校继续深造，攻读硕士学位。如英国的牛津大学、剑桥大学、伦敦大学学院、华威大学；美国的康奈尔大学、哥伦比亚大学、纽约大学、约翰霍普金斯学院；澳大利亚的悉尼大学、墨尔本大学、新南威尔士大学；加拿大的多伦多大学；香港大学、香港中文大学、香港科技大学、香港浸会大学等。"
119,毕业生读研的情况？,"截至2017年2月底，UIC已培养八届约7,000名本科毕业生，遍布世界各地。UIC毕业生约半数前往欧美、澳洲、亚洲等多个国家及地区深造，其中超过一半毕业生进入全球前100强高校和香港八大公立高校继续深造，攻读硕士学位。如英国的牛津大学、剑桥大学、伦敦大学学院、华威大学；美国的康奈尔大学、哥伦比亚大学、纽约大学、约翰霍普金斯学院；澳大利亚的悉尼大学、墨尔本大学、新南威尔士大学；加拿大的多伦多大学；香港大学、香港中文大学、香港科技大学、香港浸会大学等。"
119,毕业以后去哪里的多？,"截至2017年2月底，UIC已培养八届约7,000名本科毕业生，遍布世界各地。UIC毕业生约半数前往欧美、澳洲、亚洲等多个国家及地区深造，其中超过一半毕业生进入全球前100强高校和香港八大公立高校继续深造，攻读硕士学位。如英国的牛津大学、剑桥大学、伦敦大学学院、华威大学；美国的康奈尔大学、哥伦比亚大学、纽约大学、约翰霍普金斯学院；澳大利亚的悉尼大学、墨尔本大学、新南威尔士大学；加拿大的多伦多大学；香港大学、香港中文大学、香港科技大学、香港浸会大学等。"
119,毕业走向？,"截至2017年2月底，UIC已培养八届约7,000名本科毕业生，遍布世界各地。UIC毕业生约半数前往欧美、澳洲、亚洲等多个国家及地区深造，其中超过一半毕业生进入全球前100强高校和香港八大公立高校继续深造，攻读硕士学位。如英国的牛津大学、剑桥大学、伦敦大学学院、华威大学；美国的康奈尔大学、哥伦比亚大学、纽约大学、约翰霍普金斯学院；澳大利亚的悉尼大学、墨尔本大学、新南威尔士大学；加拿大的多伦多大学；香港大学、香港中文大学、香港科技大学、香港浸会大学等。"
120,申请海外研究生学校会提供帮助吗？,学生可以结合自己的实际情况申请国外研究生，学校会举办国际研究生教育展等为学生提供良好的平台，同时教授可以为优秀的学生撰写推荐信等。
120,怎样申研？,学生可以结合自己的实际情况申请国外研究生，学校会举办国际研究生教育展等为学生提供良好的平台，同时教授可以为优秀的学生撰写推荐信等。
120,海外读研有什么帮助？,学生可以结合自己的实际情况申请国外研究生，学校会举办国际研究生教育展等为学生提供良好的平台，同时教授可以为优秀的学生撰写推荐信等。
120,国外研究生有什么申请帮助？,学生可以结合自己的实际情况申请国外研究生，学校会举办国际研究生教育展等为学生提供良好的平台，同时教授可以为优秀的学生撰写推荐信等。
120,申请研究生有什么益处吗？,学生可以结合自己的实际情况申请国外研究生，学校会举办国际研究生教育展等为学生提供良好的平台，同时教授可以为优秀的学生撰写推荐信等。